poll_id,pollster_id,pollster,sponsor_ids,sponsors,display_name,pollster_rating_id,pollster_rating_name,numeric_grade,pollscore,methodology,transparency_score,state,start_date,end_date,sponsor_candidate_id,sponsor_candidate,sponsor_candidate_party,question_id,sample_size,population,subpopulation,population_full,tracking,created_at,notes,url,url_article,url_topline,url_crosstab,source,internal,partisan,cycle,office_type,seat_name,seat_number,election_date,stage,party,pct,answer,candidate_name,candidate_id,race_id,nationwide_match,ranked_choice_reallocated,hypothetical
b005e604-d823-4b0c-b673-a50ba5d8415d,051ba522-1b39-4264-b05f-81a45419f175,Tavern Research,dd32e822-3105-4fd5-abfa-308b93a931b5,Contours Inc.,Tavern Research,,,,,,,WA,5/18/26,5/25/26,,,,b7ca3fa4-39ce-4cfd-8c16-0801704f6727,578,lv,,lv,,5/29/26 15:44,,https://www.tavernresearch.com/research-and-writings//wa-05-baumgartner-leads-democrats-trails-independent,,,,,,,2026,U.S. House,Fifth Congressional District,5,2026-11-03,general,DEM,47,Democrat,Generic Democrat,d73e9669-a0c1-41c3-b768-9e0355cf5fec,a6542a7c-e698-4410-aba0-7dd0dd07ed52,,,
b005e604-d823-4b0c-b673-a50ba5d8415d,051ba522-1b39-4264-b05f-81a45419f175,Tavern Research,dd32e822-3105-4fd5-abfa-308b93a931b5,Contours Inc.,Tavern Research,,,,,,,WA,5/18/26,5/25/26,,,,b7ca3fa4-39ce-4cfd-8c16-0801704f6727,578,lv,,lv,,5/29/26 15:44,,https://www.tavernresearch.com/research-and-writings//wa-05-baumgartner-leads-democrats-trails-independent,,,,,,,2026,U.S. House,Fifth Congressional District,5,2026-11-03,general,REP,53,Baumgartner,Michael Baumgartner,f0165185-bc74-4985-b9b8-a7948776cce8,a6542a7c-e698-4410-aba0-7dd0dd07ed52,,,
b005e604-d823-4b0c-b673-a50ba5d8415d,051ba522-1b39-4264-b05f-81a45419f175,Tavern Research,dd32e822-3105-4fd5-abfa-308b93a931b5,Contours Inc.,Tavern Research,,,,,,,WA,5/18/26,5/25/26,,,,ccd7a26d-22ce-4376-b0cb-5075c28e18ba,578,lv,,lv,,5/29/26 15:44,,https://www.tavernresearch.com/research-and-writings//wa-05-baumgartner-leads-democrats-trails-independent,,,,,,,2026,U.S. House,Fifth Congressional District,5,2026-11-03,general,DEM,46,Womack (David),David Womack,087e869b-d654-494b-a2e5-9978006c2ce8,a6542a7c-e698-4410-aba0-7dd0dd07ed52,,,
b005e604-d823-4b0c-b673-a50ba5d8415d,051ba522-1b39-4264-b05f-81a45419f175,Tavern Research,dd32e822-3105-4fd5-abfa-308b93a931b5,Contours Inc.,Tavern Research,,,,,,,WA,5/18/26,5/25/26,,,,ccd7a26d-22ce-4376-b0cb-5075c28e18ba,578,lv,,lv,,5/29/26 15:44,,https://www.tavernresearch.com/research-and-writings//wa-05-baumgartner-leads-democrats-trails-independent,,,,,,,2026,U.S. House,Fifth Congressional District,5,2026-11-03,general,REP,54,Baumgartner,Michael Baumgartner,f0165185-bc74-4985-b9b8-a7948776cce8,a6542a7c-e698-4410-aba0-7dd0dd07ed52,,,
b005e604-d823-4b0c-b673-a50ba5d8415d,051ba522-1b39-4264-b05f-81a45419f175,Tavern Research,dd32e822-3105-4fd5-abfa-308b93a931b5,Contours Inc.,Tavern Research,,,,,,,WA,5/18/26,5/25/26,,,,f543eb59-b170-4071-b50e-099cdad72e87,578,lv,,lv,,5/29/26 15:44,,https://www.tavernresearch.com/research-and-writings//wa-05-baumgartner-leads-democrats-trails-independent,,,,,,,2026,U.S. House,Fifth Congressional District,5,2026-11-03,general,DEM,46,Mavalwalla,Bajun Mavalwalla,e503c6e5-0a5f-47ca-891e-ef8ad2ba3a46,a6542a7c-e698-4410-aba0-7dd0dd07ed52,,,
b005e604-d823-4b0c-b673-a50ba5d8415d,051ba522-1b39-4264-b05f-81a45419f175,Tavern Research,dd32e822-3105-4fd5-abfa-308b93a931b5,Contours Inc.,Tavern Research,,,,,,,WA,5/18/26,5/25/26,,,,f543eb59-b170-4071-b50e-099cdad72e87,578,lv,,lv,,5/29/26 15:44,,https://www.tavernresearch.com/research-and-writings//wa-05-baumgartner-leads-democrats-trails-independent,,,,,,,2026,U.S. House,Fifth Congressional District,5,2026-11-03,general,REP,54,Baumgartner,Michael Baumgartner,f0165185-bc74-4985-b9b8-a7948776cce8,a6542a7c-e698-4410-aba0-7dd0dd07ed52,,,
b005e604-d823-4b0c-b673-a50ba5d8415d,051ba522-1b39-4264-b05f-81a45419f175,Tavern Research,dd32e822-3105-4fd5-abfa-308b93a931b5,Contours Inc.,Tavern Research,,,,,,,WA,5/18/26,5/25/26,,,,72d45789-a697-4f16-9882-33e470532940,578,lv,,lv,,5/29/26 15:44,,https://www.tavernresearch.com/research-and-writings//wa-05-baumgartner-leads-democrats-trails-independent,,,,,,,2026,U.S. House,Fifth Congressional District,5,2026-11-03,general,DEM,47,Conroy,Carmela Conroy,0c2f4936-5a4f-46fc-b942-f5e0acde17e1,a6542a7c-e698-4410-aba0-7dd0dd07ed52,,,
b005e604-d823-4b0c-b673-a50ba5d8415d,051ba522-1b39-4264-b05f-81a45419f175,Tavern Research,dd32e822-3105-4fd5-abfa-308b93a931b5,Contours Inc.,Tavern Research,,,,,,,WA,5/18/26,5/25/26,,,,72d45789-a697-4f16-9882-33e470532940,578,lv,,lv,,5/29/26 15:44,,https://www.tavernresearch.com/research-and-writings//wa-05-baumgartner-leads-democrats-trails-independent,,,,,,,2026,U.S. House,Fifth Congressional District,5,2026-11-03,general,REP,53,Baumgartner,Michael Baumgartner,f0165185-bc74-4985-b9b8-a7948776cce8,a6542a7c-e698-4410-aba0-7dd0dd07ed52,,,
b005e604-d823-4b0c-b673-a50ba5d8415d,051ba522-1b39-4264-b05f-81a45419f175,Tavern Research,dd32e822-3105-4fd5-abfa-308b93a931b5,Contours Inc.,Tavern Research,,,,,,,WA,5/18/26,5/25/26,,,,065cca75-9c45-48a5-863b-3c6e39727e0b,578,lv,,lv,,5/29/26 15:44,,https://www.tavernresearch.com/research-and-writings//wa-05-baumgartner-leads-democrats-trails-independent,,,,,,,2026,U.S. House,Fifth Congressional District,5,2026-11-03,general,IND,53,Powell,Nate Powell,e054f9e9-586f-4b93-8486-b174504edd72,a6542a7c-e698-4410-aba0-7dd0dd07ed52,,,
b005e604-d823-4b0c-b673-a50ba5d8415d,051ba522-1b39-4264-b05f-81a45419f175,Tavern Research,dd32e822-3105-4fd5-abfa-308b93a931b5,Contours Inc.,Tavern Research,,,,,,,WA,5/18/26,5/25/26,,,,065cca75-9c45-48a5-863b-3c6e39727e0b,578,lv,,lv,,5/29/26 15:44,,https://www.tavernresearch.com/research-and-writings//wa-05-baumgartner-leads-democrats-trails-independent,,,,,,,2026,U.S. House,Fifth Congressional District,5,2026-11-03,general,REP,47,Baumgartner,Michael Baumgartner,f0165185-bc74-4985-b9b8-a7948776cce8,a6542a7c-e698-4410-aba0-7dd0dd07ed52,,,
4526fc3d-7f56-4e8f-9b98-5981c216ed79,051ba522-1b39-4264-b05f-81a45419f175,Tavern Research,dd32e822-3105-4fd5-abfa-308b93a931b5,Contours Inc.,Tavern Research,,,,,,,AK,5/18/26,5/27/26,,,,5362d1ba-458f-4bd7-ba06-9357bd7a997e,452,lv,,lv,,5/29/26 15:29,,https://www.tavernresearch.com/research-and-writings/ak-al-begich-leads-independent-runs-closest,,,,,,,2026,U.S. House,First Congressional District,1,2026-11-03,general,DEM,45,Democrat,Generic Democrat,d73e9669-a0c1-41c3-b768-9e0355cf5fec,1a6333ce-cb11-4484-9abc-8b4e93aef172,,,
4526fc3d-7f56-4e8f-9b98-5981c216ed79,051ba522-1b39-4264-b05f-81a45419f175,Tavern Research,dd32e822-3105-4fd5-abfa-308b93a931b5,Contours Inc.,Tavern Research,,,,,,,AK,5/18/26,5/27/26,,,,5362d1ba-458f-4bd7-ba06-9357bd7a997e,452,lv,,lv,,5/29/26 15:29,,https://www.tavernresearch.com/research-and-writings/ak-al-begich-leads-independent-runs-closest,,,,,,,2026,U.S. House,First Congressional District,1,2026-11-03,general,REP,55,Begich,Nick Begich,355f0e52-2168-443a-bc55-a51d707b19a6,1a6333ce-cb11-4484-9abc-8b4e93aef172,,,
4526fc3d-7f56-4e8f-9b98-5981c216ed79,051ba522-1b39-4264-b05f-81a45419f175,Tavern Research,dd32e822-3105-4fd5-abfa-308b93a931b5,Contours Inc.,Tavern Research,,,,,,,AK,5/18/26,5/27/26,,,,9886c42b-6a71-4914-bae2-4cbde16d0597,452,lv,,lv,,5/29/26 15:29,,https://www.tavernresearch.com/research-and-writings/ak-al-begich-leads-independent-runs-closest,,,,,,,2026,U.S. House,First Congressional District,1,2026-11-03,general,DEM,45,Schultz (Matt),Matt Schultz,4b7c0bc6-0863-4618-9a84-d5d57a4bf023,1a6333ce-cb11-4484-9abc-8b4e93aef172,,,
4526fc3d-7f56-4e8f-9b98-5981c216ed79,051ba522-1b39-4264-b05f-81a45419f175,Tavern Research,dd32e822-3105-4fd5-abfa-308b93a931b5,Contours Inc.,Tavern Research,,,,,,,AK,5/18/26,5/27/26,,,,9886c42b-6a71-4914-bae2-4cbde16d0597,452,lv,,lv,,5/29/26 15:29,,https://www.tavernresearch.com/research-and-writings/ak-al-begich-leads-independent-runs-closest,,,,,,,2026,U.S. House,First Congressional District,1,2026-11-03,general,REP,55,Begich,Nick Begich,355f0e52-2168-443a-bc55-a51d707b19a6,1a6333ce-cb11-4484-9abc-8b4e93aef172,,,
4526fc3d-7f56-4e8f-9b98-5981c216ed79,051ba522-1b39-4264-b05f-81a45419f175,Tavern Research,dd32e822-3105-4fd5-abfa-308b93a931b5,Contours Inc.,Tavern Research,,,,,,,AK,5/18/26,5/27/26,,,,b0614ddc-1087-47b1-9d0d-d5d23830362a,452,lv,,lv,,5/29/26 15:29,,https://www.tavernresearch.com/research-and-writings/ak-al-begich-leads-independent-runs-closest,,,,,,,2026,U.S. House,First Congressional District,1,2026-11-03,general,IND,48,Hill (Bill),Bill Hill,c9e37458-54c0-482a-a091-04abe8757f0f,1a6333ce-cb11-4484-9abc-8b4e93aef172,,,
4526fc3d-7f56-4e8f-9b98-5981c216ed79,051ba522-1b39-4264-b05f-81a45419f175,Tavern Research,dd32e822-3105-4fd5-abfa-308b93a931b5,Contours Inc.,Tavern Research,,,,,,,AK,5/18/26,5/27/26,,,,b0614ddc-1087-47b1-9d0d-d5d23830362a,452,lv,,lv,,5/29/26 15:29,,https://www.tavernresearch.com/research-and-writings/ak-al-begich-leads-independent-runs-closest,,,,,,,2026,U.S. House,First Congressional District,1,2026-11-03,general,REP,52,Begich,Nick Begich,355f0e52-2168-443a-bc55-a51d707b19a6,1a6333ce-cb11-4484-9abc-8b4e93aef172,,,
93b5b0d0-5b89-49cd-b6eb-7c9a911ef204,051ba522-1b39-4264-b05f-81a45419f175,Tavern Research,dd32e822-3105-4fd5-abfa-308b93a931b5,Contours Inc.,Tavern Research,,,,,,,WI,5/18/26,5/28/26,,,,362013ed-1d1f-4001-afad-fddbf4d86e75,437,lv,,lv,,5/29/26 15:28,,https://www.tavernresearch.com/research-and-writings/wi06-grothman-independent-halves-margin,,,,,,,2026,U.S. House,Sixth Congressional District,6,2026-11-03,general,DEM,39,Democrat,Generic Democrat,d73e9669-a0c1-41c3-b768-9e0355cf5fec,e1cedc66-647f-41b1-9188-28fbc85c3028,,,
93b5b0d0-5b89-49cd-b6eb-7c9a911ef204,051ba522-1b39-4264-b05f-81a45419f175,Tavern Research,dd32e822-3105-4fd5-abfa-308b93a931b5,Contours Inc.,Tavern Research,,,,,,,WI,5/18/26,5/28/26,,,,362013ed-1d1f-4001-afad-fddbf4d86e75,437,lv,,lv,,5/29/26 15:28,,https://www.tavernresearch.com/research-and-writings/wi06-grothman-independent-halves-margin,,,,,,,2026,U.S. House,Sixth Congressional District,6,2026-11-03,general,REP,61,Grothman,Glenn Grothman,7ef1a966-6466-426d-aea2-814e99b8ffd7,e1cedc66-647f-41b1-9188-28fbc85c3028,,,
93b5b0d0-5b89-49cd-b6eb-7c9a911ef204,051ba522-1b39-4264-b05f-81a45419f175,Tavern Research,dd32e822-3105-4fd5-abfa-308b93a931b5,Contours Inc.,Tavern Research,,,,,,,WI,5/18/26,5/28/26,,,,9194752e-7e3e-4633-9d3a-1a79111c4355,437,lv,,lv,,5/29/26 15:28,,https://www.tavernresearch.com/research-and-writings/wi06-grothman-independent-halves-margin,,,,,,,2026,U.S. House,Sixth Congressional District,6,2026-11-03,general,DEM,39,Smith (Brad),Brad Smith,f75ba269-6dcf-42a1-b38f-4bceaf4a720e,e1cedc66-647f-41b1-9188-28fbc85c3028,,,
93b5b0d0-5b89-49cd-b6eb-7c9a911ef204,051ba522-1b39-4264-b05f-81a45419f175,Tavern Research,dd32e822-3105-4fd5-abfa-308b93a931b5,Contours Inc.,Tavern Research,,,,,,,WI,5/18/26,5/28/26,,,,9194752e-7e3e-4633-9d3a-1a79111c4355,437,lv,,lv,,5/29/26 15:28,,https://www.tavernresearch.com/research-and-writings/wi06-grothman-independent-halves-margin,,,,,,,2026,U.S. House,Sixth Congressional District,6,2026-11-03,general,REP,61,Grothman,Glenn Grothman,7ef1a966-6466-426d-aea2-814e99b8ffd7,e1cedc66-647f-41b1-9188-28fbc85c3028,,,
93b5b0d0-5b89-49cd-b6eb-7c9a911ef204,051ba522-1b39-4264-b05f-81a45419f175,Tavern Research,dd32e822-3105-4fd5-abfa-308b93a931b5,Contours Inc.,Tavern Research,,,,,,,WI,5/18/26,5/28/26,,,,01a4db93-fc47-411f-9dcd-52860d054995,437,lv,,lv,,5/29/26 15:28,,https://www.tavernresearch.com/research-and-writings/wi06-grothman-independent-halves-margin,,,,,,,2026,U.S. House,Sixth Congressional District,6,2026-11-03,general,IND,45,Thurow,Michael Thurow,2260b940-27e4-413b-8911-821bf9a9f9b4,e1cedc66-647f-41b1-9188-28fbc85c3028,,,
93b5b0d0-5b89-49cd-b6eb-7c9a911ef204,051ba522-1b39-4264-b05f-81a45419f175,Tavern Research,dd32e822-3105-4fd5-abfa-308b93a931b5,Contours Inc.,Tavern Research,,,,,,,WI,5/18/26,5/28/26,,,,01a4db93-fc47-411f-9dcd-52860d054995,437,lv,,lv,,5/29/26 15:28,,https://www.tavernresearch.com/research-and-writings/wi06-grothman-independent-halves-margin,,,,,,,2026,U.S. House,Sixth Congressional District,6,2026-11-03,general,REP,55,Grothman,Glenn Grothman,7ef1a966-6466-426d-aea2-814e99b8ffd7,e1cedc66-647f-41b1-9188-28fbc85c3028,,,
2313858e-5711-4c83-abf7-5a9fb713fa32,6fa6167a-c09c-423b-af3d-3a47f49e055b,"Normington, Petts & Associates",,,"Normington, Petts & Associates",,,,,,,PA,4/20/26,4/23/26,,Janelle Stelson,DEM,ca5bc2b8-b759-4f7b-900f-e9c4234ac26d,400,rv,,rv,,5/20/26 09:23,,https://www.inquirer.com/politics/election/live/pennsylvania-primary-election-2026-results-house-20260520.html/card-0290e37e-b5bd-4535-aa10-560706ae71ec,,,,,,DEM,2026,U.S. House,Tenth Congressional District,10,2026-11-03,general,REP,45,Perry (Scott),Scott Perry,b86b31f9-634f-4540-b51d-8f908cea6054,7a73a2bb-7253-43a0-bb03-78ae58794086,,,
2313858e-5711-4c83-abf7-5a9fb713fa32,6fa6167a-c09c-423b-af3d-3a47f49e055b,"Normington, Petts & Associates",,,"Normington, Petts & Associates",,,,,,,PA,4/20/26,4/23/26,,Janelle Stelson,DEM,ca5bc2b8-b759-4f7b-900f-e9c4234ac26d,400,rv,,rv,,5/20/26 09:23,,https://www.inquirer.com/politics/election/live/pennsylvania-primary-election-2026-results-house-20260520.html/card-0290e37e-b5bd-4535-aa10-560706ae71ec,,,,,,DEM,2026,U.S. House,Tenth Congressional District,10,2026-11-03,general,DEM,51,Stelson,Janelle Stelson,5993bbd9-e908-4cff-b14a-c443047d563e,7a73a2bb-7253-43a0-bb03-78ae58794086,,,
06ea0f7c-6312-40e6-becc-56fc917c0a38,9b245451-0334-4f8c-909e-b48d602feb76,Public Policy Polling,,,Public Policy Polling,263,Public Policy Polling,,,,,KY,4/24/26,4/25/26,,Zach Dembo,DEM,0d5e295e-a120-4c09-a8c6-06fc948e7245,675,rv,,rv,,5/12/26 14:56,,https://www.politico.com/newsletters/playbook-pm/2026/05/12/lawmakers-want-more-answers-on-iran-00917015,,,,,,DEM,2026,U.S. House,Sixth Congressional District,6,2026-11-03,general,REP,37,Alvarado,Ralph Alvarado,b418f56c-eda1-43b6-97ed-3b283a336fb9,fb3da71c-9247-4285-b5ae-462b5e4f19ed,,,
06ea0f7c-6312-40e6-becc-56fc917c0a38,9b245451-0334-4f8c-909e-b48d602feb76,Public Policy Polling,,,Public Policy Polling,263,Public Policy Polling,,,,,KY,4/24/26,4/25/26,,Zach Dembo,DEM,0d5e295e-a120-4c09-a8c6-06fc948e7245,675,rv,,rv,,5/12/26 14:56,,https://www.politico.com/newsletters/playbook-pm/2026/05/12/lawmakers-want-more-answers-on-iran-00917015,,,,,,DEM,2026,U.S. House,Sixth Congressional District,6,2026-11-03,general,DEM,36,Stevenson (Cherlynn),Cherlynn Stevenson,bad359c3-ba80-43eb-958a-15cabbddfbff,fb3da71c-9247-4285-b5ae-462b5e4f19ed,,,
06ea0f7c-6312-40e6-becc-56fc917c0a38,9b245451-0334-4f8c-909e-b48d602feb76,Public Policy Polling,,,Public Policy Polling,263,Public Policy Polling,,,,,KY,4/24/26,4/25/26,,Zach Dembo,DEM,462962e1-66a1-4559-8f42-d34356e1ca3f,675,rv,,rv,,5/12/26 14:56,,https://www.politico.com/newsletters/playbook-pm/2026/05/12/lawmakers-want-more-answers-on-iran-00917015,,,,,,DEM,2026,U.S. House,Sixth Congressional District,6,2026-11-03,general,REP,37,Alvarado,Ralph Alvarado,b418f56c-eda1-43b6-97ed-3b283a336fb9,fb3da71c-9247-4285-b5ae-462b5e4f19ed,,,
06ea0f7c-6312-40e6-becc-56fc917c0a38,9b245451-0334-4f8c-909e-b48d602feb76,Public Policy Polling,,,Public Policy Polling,263,Public Policy Polling,,,,,KY,4/24/26,4/25/26,,Zach Dembo,DEM,462962e1-66a1-4559-8f42-d34356e1ca3f,675,rv,,rv,,5/12/26 14:56,,https://www.politico.com/newsletters/playbook-pm/2026/05/12/lawmakers-want-more-answers-on-iran-00917015,,,,,,DEM,2026,U.S. House,Sixth Congressional District,6,2026-11-03,general,DEM,37,Dembo,Zach Dembo,07c87660-fc4d-44da-a77e-037e4f23d80a,fb3da71c-9247-4285-b5ae-462b5e4f19ed,,,
f50b80ab-4b2b-4f4e-85a2-893560d1be1e,ba90f015-c45b-4884-8111-14ec9e67161e,co/efficient,4f32c9a7-096a-4086-9bb8-fd5200bb15e8,NRCC,co/efficient,514,co/efficient,,,,,NC,4/25/26,4/29/26,,,,3bb93c3b-b216-4834-a2cd-359c3f18ebd5,842,lv,,lv,,5/8/26 08:30,,https://www.politico.com/news/2026/05/08/gop-polls-show-they-have-a-shot-at-flipping-house-dem-districts-trump-won-00910791,,,,,,REP,2026,U.S. House,First Congressional District,1,2026-11-03,general,NONE,17,Don't know,Don't know,d8390906-54c4-4050-9005-4934a65fa7b1,814ce247-ec2e-47c3-8d53-de7470be442e,,,
f50b80ab-4b2b-4f4e-85a2-893560d1be1e,ba90f015-c45b-4884-8111-14ec9e67161e,co/efficient,4f32c9a7-096a-4086-9bb8-fd5200bb15e8,NRCC,co/efficient,514,co/efficient,,,,,NC,4/25/26,4/29/26,,,,3bb93c3b-b216-4834-a2cd-359c3f18ebd5,842,lv,,lv,,5/8/26 08:30,,https://www.politico.com/news/2026/05/08/gop-polls-show-they-have-a-shot-at-flipping-house-dem-districts-trump-won-00910791,,,,,,REP,2026,U.S. House,First Congressional District,1,2026-11-03,general,DEM,41,Davis,Don Davis,5096a761-bd50-46fc-a0ca-624ace2b8faf,814ce247-ec2e-47c3-8d53-de7470be442e,,,
f50b80ab-4b2b-4f4e-85a2-893560d1be1e,ba90f015-c45b-4884-8111-14ec9e67161e,co/efficient,4f32c9a7-096a-4086-9bb8-fd5200bb15e8,NRCC,co/efficient,514,co/efficient,,,,,NC,4/25/26,4/29/26,,,,3bb93c3b-b216-4834-a2cd-359c3f18ebd5,842,lv,,lv,,5/8/26 08:30,,https://www.politico.com/news/2026/05/08/gop-polls-show-they-have-a-shot-at-flipping-house-dem-districts-trump-won-00910791,,,,,,REP,2026,U.S. House,First Congressional District,1,2026-11-03,general,REP,41,Buckhout,Laurie Buckhout,8ac75369-3dc0-44b9-80ce-66f451e27d78,814ce247-ec2e-47c3-8d53-de7470be442e,,,
ac03c1df-2f0d-4fca-b638-ba251f92c128,ba90f015-c45b-4884-8111-14ec9e67161e,co/efficient,4f32c9a7-096a-4086-9bb8-fd5200bb15e8,NRCC,co/efficient,514,co/efficient,,,Text/Live Phone,,ME,4/26/26,4/28/26,,,,1ce8dd95-98af-44ef-a7d7-1cccd0a56d1b,918,lv,,lv,,5/8/26 08:27,,https://www.politico.com/news/2026/05/08/gop-polls-show-they-have-a-shot-at-flipping-house-dem-districts-trump-won-00910791,,,,,,REP,2026,U.S. House,Second Congressional District,2,2026-11-03,general,DEM,40,Baldacci,Joe Baldacci,68cbdab2-16c3-40fb-a4c0-dc8763252337,c587aa21-f06f-47d6-ae64-ebbd9d0a43d7,,,
ac03c1df-2f0d-4fca-b638-ba251f92c128,ba90f015-c45b-4884-8111-14ec9e67161e,co/efficient,4f32c9a7-096a-4086-9bb8-fd5200bb15e8,NRCC,co/efficient,514,co/efficient,,,Text/Live Phone,,ME,4/26/26,4/28/26,,,,1ce8dd95-98af-44ef-a7d7-1cccd0a56d1b,918,lv,,lv,,5/8/26 08:27,,https://www.politico.com/news/2026/05/08/gop-polls-show-they-have-a-shot-at-flipping-house-dem-districts-trump-won-00910791,,,,,,REP,2026,U.S. House,Second Congressional District,2,2026-11-03,general,REP,50,LePage,Paul R. LePage,94436f81-105d-46a1-a241-ed6f9c76a03b,c587aa21-f06f-47d6-ae64-ebbd9d0a43d7,,,
81e0fd68-8ee5-4c75-b333-de5c2fe8c73f,59812bd0-883a-4b06-8426-73eead0329b0,Ragnar Research Partners,27b27fd1-96e0-4d8f-9cc3-3a0253064455,Conservatives for America,Ragnar Research Partners,517,Ragnar Research Partners,,,Live Phone,,IA,3/12/26,3/14/26,,,,9875d9d4-a749-458d-adf3-de2416d7cc51,400,lv,,lv,,4/29/26 09:09,,https://punchbowl.news/article/campaigns/bad-gop-polls/,,,,,,REP,2026,U.S. House,Third Congressional District,3,2026-11-03,general,NONE,10,Don't know,Don't know,d8390906-54c4-4050-9005-4934a65fa7b1,14bc9cc5-56e4-4063-b8b2-c30c1c451259,,,
81e0fd68-8ee5-4c75-b333-de5c2fe8c73f,59812bd0-883a-4b06-8426-73eead0329b0,Ragnar Research Partners,27b27fd1-96e0-4d8f-9cc3-3a0253064455,Conservatives for America,Ragnar Research Partners,517,Ragnar Research Partners,,,Live Phone,,IA,3/12/26,3/14/26,,,,9875d9d4-a749-458d-adf3-de2416d7cc51,400,lv,,lv,,4/29/26 09:09,,https://punchbowl.news/article/campaigns/bad-gop-polls/,,,,,,REP,2026,U.S. House,Third Congressional District,3,2026-11-03,general,DEM,42,Garriott,Sarah Trone Garriott,2e405f67-9409-4d31-a0b0-2a511c67999d,14bc9cc5-56e4-4063-b8b2-c30c1c451259,,,
81e0fd68-8ee5-4c75-b333-de5c2fe8c73f,59812bd0-883a-4b06-8426-73eead0329b0,Ragnar Research Partners,27b27fd1-96e0-4d8f-9cc3-3a0253064455,Conservatives for America,Ragnar Research Partners,517,Ragnar Research Partners,,,Live Phone,,IA,3/12/26,3/14/26,,,,9875d9d4-a749-458d-adf3-de2416d7cc51,400,lv,,lv,,4/29/26 09:09,,https://punchbowl.news/article/campaigns/bad-gop-polls/,,,,,,REP,2026,U.S. House,Third Congressional District,3,2026-11-03,general,REP,48,Nunn,Zach Nunn,790d48ce-31aa-4472-9b90-69a7eb83d1ac,14bc9cc5-56e4-4063-b8b2-c30c1c451259,,,
bc1c815a-0646-4533-93c6-c0a8d0561b23,59812bd0-883a-4b06-8426-73eead0329b0,Ragnar Research Partners,27b27fd1-96e0-4d8f-9cc3-3a0253064455,Conservatives for America,Ragnar Research Partners,517,Ragnar Research Partners,,,Live Phone,,CO,3/10/26,3/12/26,,,,d66b340f-4ae4-4645-8df3-dbe984909775,400,lv,,lv,,4/29/26 09:07,,https://punchbowl.news/article/campaigns/bad-gop-polls/,,,,,,REP,2026,U.S. House,Third Congressional District,3,2026-11-03,general,NONE,13,Don't know,Don't know,d8390906-54c4-4050-9005-4934a65fa7b1,6a947c92-e683-47ef-ba80-71e56a333bcb,,,
bc1c815a-0646-4533-93c6-c0a8d0561b23,59812bd0-883a-4b06-8426-73eead0329b0,Ragnar Research Partners,27b27fd1-96e0-4d8f-9cc3-3a0253064455,Conservatives for America,Ragnar Research Partners,517,Ragnar Research Partners,,,Live Phone,,CO,3/10/26,3/12/26,,,,d66b340f-4ae4-4645-8df3-dbe984909775,400,lv,,lv,,4/29/26 09:07,,https://punchbowl.news/article/campaigns/bad-gop-polls/,,,,,,REP,2026,U.S. House,Third Congressional District,3,2026-11-03,general,REP,46,Hurd (Jeff),Jeff Hurd,c58658f2-c242-46d3-8310-3135de04bd5d,6a947c92-e683-47ef-ba80-71e56a333bcb,,,
bc1c815a-0646-4533-93c6-c0a8d0561b23,59812bd0-883a-4b06-8426-73eead0329b0,Ragnar Research Partners,27b27fd1-96e0-4d8f-9cc3-3a0253064455,Conservatives for America,Ragnar Research Partners,517,Ragnar Research Partners,,,Live Phone,,CO,3/10/26,3/12/26,,,,d66b340f-4ae4-4645-8df3-dbe984909775,400,lv,,lv,,4/29/26 09:07,,https://punchbowl.news/article/campaigns/bad-gop-polls/,,,,,,REP,2026,U.S. House,Third Congressional District,3,2026-11-03,general,DEM,41,Kelloff,Alex Kelloff,cbcd599b-e9f6-4b7f-bea0-4021efbcc6f9,6a947c92-e683-47ef-ba80-71e56a333bcb,,,
bc1c815a-0646-4533-93c6-c0a8d0561b23,59812bd0-883a-4b06-8426-73eead0329b0,Ragnar Research Partners,27b27fd1-96e0-4d8f-9cc3-3a0253064455,Conservatives for America,Ragnar Research Partners,517,Ragnar Research Partners,,,Live Phone,,CO,3/10/26,3/12/26,,,,ce9596ee-c56b-4d11-9bec-74199f49c479,400,lv,,lv,,4/29/26 09:07,,https://punchbowl.news/article/campaigns/bad-gop-polls/,,,,,,REP,2026,U.S. House,Third Congressional District,3,2026-11-03,general,NONE,16,Don't know,Don't know,d8390906-54c4-4050-9005-4934a65fa7b1,6a947c92-e683-47ef-ba80-71e56a333bcb,,,
bc1c815a-0646-4533-93c6-c0a8d0561b23,59812bd0-883a-4b06-8426-73eead0329b0,Ragnar Research Partners,27b27fd1-96e0-4d8f-9cc3-3a0253064455,Conservatives for America,Ragnar Research Partners,517,Ragnar Research Partners,,,Live Phone,,CO,3/10/26,3/12/26,,,,ce9596ee-c56b-4d11-9bec-74199f49c479,400,lv,,lv,,4/29/26 09:07,,https://punchbowl.news/article/campaigns/bad-gop-polls/,,,,,,REP,2026,U.S. House,Third Congressional District,3,2026-11-03,general,DEM,37,Democrat,Generic Democrat,d73e9669-a0c1-41c3-b768-9e0355cf5fec,6a947c92-e683-47ef-ba80-71e56a333bcb,,,
bc1c815a-0646-4533-93c6-c0a8d0561b23,59812bd0-883a-4b06-8426-73eead0329b0,Ragnar Research Partners,27b27fd1-96e0-4d8f-9cc3-3a0253064455,Conservatives for America,Ragnar Research Partners,517,Ragnar Research Partners,,,Live Phone,,CO,3/10/26,3/12/26,,,,ce9596ee-c56b-4d11-9bec-74199f49c479,400,lv,,lv,,4/29/26 09:07,,https://punchbowl.news/article/campaigns/bad-gop-polls/,,,,,,REP,2026,U.S. House,Third Congressional District,3,2026-11-03,general,REP,47,Republican,Generic Republican,97a3a951-7de9-49d7-b305-e6f1797d0217,6a947c92-e683-47ef-ba80-71e56a333bcb,,,
f9f97bf0-b593-4acb-bfc6-e9203f235552,59812bd0-883a-4b06-8426-73eead0329b0,Ragnar Research Partners,27b27fd1-96e0-4d8f-9cc3-3a0253064455,Conservatives for America,Ragnar Research Partners,517,Ragnar Research Partners,,,Live Phone,,MN,3/12/26,3/14/26,,,,064c39ff-785f-4000-aa18-ae93bb2657f1,400,lv,,lv,,4/29/26 09:03,,https://punchbowl.news/article/campaigns/bad-gop-polls/,,,,,,REP,2026,U.S. House,First Congressional District,1,2026-11-03,general,NONE,6,Don't know,Don't know,d8390906-54c4-4050-9005-4934a65fa7b1,f5eea5b5-b636-4540-b741-58694bf575cb,,,
f9f97bf0-b593-4acb-bfc6-e9203f235552,59812bd0-883a-4b06-8426-73eead0329b0,Ragnar Research Partners,27b27fd1-96e0-4d8f-9cc3-3a0253064455,Conservatives for America,Ragnar Research Partners,517,Ragnar Research Partners,,,Live Phone,,MN,3/12/26,3/14/26,,,,064c39ff-785f-4000-aa18-ae93bb2657f1,400,lv,,lv,,4/29/26 09:03,,https://punchbowl.news/article/campaigns/bad-gop-polls/,,,,,,REP,2026,U.S. House,First Congressional District,1,2026-11-03,general,DEM,42,Johnson (Jake),Jake Johnson,176bffcd-9c9e-4379-a3bc-99fbdb7726e5,f5eea5b5-b636-4540-b741-58694bf575cb,,,
f9f97bf0-b593-4acb-bfc6-e9203f235552,59812bd0-883a-4b06-8426-73eead0329b0,Ragnar Research Partners,27b27fd1-96e0-4d8f-9cc3-3a0253064455,Conservatives for America,Ragnar Research Partners,517,Ragnar Research Partners,,,Live Phone,,MN,3/12/26,3/14/26,,,,064c39ff-785f-4000-aa18-ae93bb2657f1,400,lv,,lv,,4/29/26 09:03,,https://punchbowl.news/article/campaigns/bad-gop-polls/,,,,,,REP,2026,U.S. House,First Congressional District,1,2026-11-03,general,REP,52,Finstad,Brad Finstad,43d4a8ea-c51b-453c-b3f7-64cd7fc6f903,f5eea5b5-b636-4540-b741-58694bf575cb,,,
f9f97bf0-b593-4acb-bfc6-e9203f235552,59812bd0-883a-4b06-8426-73eead0329b0,Ragnar Research Partners,27b27fd1-96e0-4d8f-9cc3-3a0253064455,Conservatives for America,Ragnar Research Partners,517,Ragnar Research Partners,,,Live Phone,,MN,3/12/26,3/14/26,,,,4f43a9db-fa9e-4f83-9fb7-8e7b147bbe3c,400,lv,,lv,,4/29/26 09:03,,https://punchbowl.news/article/campaigns/bad-gop-polls/,,,,,,REP,2026,U.S. House,First Congressional District,1,2026-11-03,general,NONE,15,Don't know,Don't know,d8390906-54c4-4050-9005-4934a65fa7b1,f5eea5b5-b636-4540-b741-58694bf575cb,,,
f9f97bf0-b593-4acb-bfc6-e9203f235552,59812bd0-883a-4b06-8426-73eead0329b0,Ragnar Research Partners,27b27fd1-96e0-4d8f-9cc3-3a0253064455,Conservatives for America,Ragnar Research Partners,517,Ragnar Research Partners,,,Live Phone,,MN,3/12/26,3/14/26,,,,4f43a9db-fa9e-4f83-9fb7-8e7b147bbe3c,400,lv,,lv,,4/29/26 09:03,,https://punchbowl.news/article/campaigns/bad-gop-polls/,,,,,,REP,2026,U.S. House,First Congressional District,1,2026-11-03,general,DEM,40,Democrat,Generic Democrat,d73e9669-a0c1-41c3-b768-9e0355cf5fec,f5eea5b5-b636-4540-b741-58694bf575cb,,,
f9f97bf0-b593-4acb-bfc6-e9203f235552,59812bd0-883a-4b06-8426-73eead0329b0,Ragnar Research Partners,27b27fd1-96e0-4d8f-9cc3-3a0253064455,Conservatives for America,Ragnar Research Partners,517,Ragnar Research Partners,,,Live Phone,,MN,3/12/26,3/14/26,,,,4f43a9db-fa9e-4f83-9fb7-8e7b147bbe3c,400,lv,,lv,,4/29/26 09:03,,https://punchbowl.news/article/campaigns/bad-gop-polls/,,,,,,REP,2026,U.S. House,First Congressional District,1,2026-11-03,general,REP,45,Republican,Generic Republican,97a3a951-7de9-49d7-b305-e6f1797d0217,f5eea5b5-b636-4540-b741-58694bf575cb,,,
d7616879-a233-45d2-ac0f-5d506dbc64a3,8ae50356-cd55-458f-bd0c-297e307c84eb,St. Anselm,,,St. Anselm,494,Saint Anselm College Survey Center,,,,,NH,3/16/26,3/18/26,,,,4a73f8cd-f915-47c0-8b5d-c3811ff9a8e1,739,rv,,rv,,3/24/26 08:28,,https://www.anselm.edu/about/anselmian-hub/news/new-poll-saint-anselm-college-survey-shows-democrats-gaining-ground-republicans-face-political-headwinds,,,,,,,2026,U.S. House,Second Congressional District,2,2026-11-03,general,NONE,16,Don't know,Don't know,d8390906-54c4-4050-9005-4934a65fa7b1,10137906-94cd-42be-933a-74f28309d24f,,,
d7616879-a233-45d2-ac0f-5d506dbc64a3,8ae50356-cd55-458f-bd0c-297e307c84eb,St. Anselm,,,St. Anselm,494,Saint Anselm College Survey Center,,,,,NH,3/16/26,3/18/26,,,,4a73f8cd-f915-47c0-8b5d-c3811ff9a8e1,739,rv,,rv,,3/24/26 08:28,,https://www.anselm.edu/about/anselmian-hub/news/new-poll-saint-anselm-college-survey-shows-democrats-gaining-ground-republicans-face-political-headwinds,,,,,,,2026,U.S. House,Second Congressional District,2,2026-11-03,general,DEM,48,Goodlander,Maggie Goodlander,72bb0ec2-2038-4dd0-8f85-be1591b34dd4,10137906-94cd-42be-933a-74f28309d24f,,,
d7616879-a233-45d2-ac0f-5d506dbc64a3,8ae50356-cd55-458f-bd0c-297e307c84eb,St. Anselm,,,St. Anselm,494,Saint Anselm College Survey Center,,,,,NH,3/16/26,3/18/26,,,,4a73f8cd-f915-47c0-8b5d-c3811ff9a8e1,739,rv,,rv,,3/24/26 08:28,,https://www.anselm.edu/about/anselmian-hub/news/new-poll-saint-anselm-college-survey-shows-democrats-gaining-ground-republicans-face-political-headwinds,,,,,,,2026,U.S. House,Second Congressional District,2,2026-11-03,general,REP,36,Williams (Lily Tang),Lily Tang Williams,5ed0f675-a148-4165-ba2f-079c83384e24,10137906-94cd-42be-933a-74f28309d24f,,,
ef9c9a62-8338-48a1-9a39-3840a96b72ad,12486d5d-2d75-4750-bbb9-529573b7d641,Blueprint Polling,,,Blueprint Polling,470,Blueprint Polling,,,,,FL,3/6/26,3/8/26,,,,91f14ce1-2f6d-4c51-aa1e-b5b5bd86b847,451,rv,,rv,,3/12/26 13:33,,https://floridapolitics.com/archives/784817-__trashed-35/,,,,,,,2026,U.S. House,Twenty-seventh Congressional District,27,2026-11-03,general,REP,46,Salazar,María Elvira Salazar,31e8c9d5-c499-465c-b6c8-b0e7e6d2f271,7073f3e5-55fd-4688-9dfd-e9b2f11d6f3b,,,
ef9c9a62-8338-48a1-9a39-3840a96b72ad,12486d5d-2d75-4750-bbb9-529573b7d641,Blueprint Polling,,,Blueprint Polling,470,Blueprint Polling,,,,,FL,3/6/26,3/8/26,,,,91f14ce1-2f6d-4c51-aa1e-b5b5bd86b847,451,rv,,rv,,3/12/26 13:33,,https://floridapolitics.com/archives/784817-__trashed-35/,,,,,,,2026,U.S. House,Twenty-seventh Congressional District,27,2026-11-03,general,NONE,11,Don't know,Don't know,d8390906-54c4-4050-9005-4934a65fa7b1,7073f3e5-55fd-4688-9dfd-e9b2f11d6f3b,,,
ef9c9a62-8338-48a1-9a39-3840a96b72ad,12486d5d-2d75-4750-bbb9-529573b7d641,Blueprint Polling,,,Blueprint Polling,470,Blueprint Polling,,,,,FL,3/6/26,3/8/26,,,,91f14ce1-2f6d-4c51-aa1e-b5b5bd86b847,451,rv,,rv,,3/12/26 13:33,,https://floridapolitics.com/archives/784817-__trashed-35/,,,,,,,2026,U.S. House,Twenty-seventh Congressional District,27,2026-11-03,general,DEM,43,Rodriguez (Eliott),Eliott Rodriguez,f1ceefbc-1c77-48da-81cc-97203b553f20,7073f3e5-55fd-4688-9dfd-e9b2f11d6f3b,,,
ef9c9a62-8338-48a1-9a39-3840a96b72ad,12486d5d-2d75-4750-bbb9-529573b7d641,Blueprint Polling,,,Blueprint Polling,470,Blueprint Polling,,,,,FL,3/6/26,3/8/26,,,,875b27f8-b36c-4a45-8e05-68e10f97c514,451,rv,,rv,,3/12/26 13:33,,https://floridapolitics.com/archives/784817-__trashed-35/,,,,,,,2026,U.S. House,Twenty-seventh Congressional District,27,2026-11-03,general,REP,47,Salazar,María Elvira Salazar,31e8c9d5-c499-465c-b6c8-b0e7e6d2f271,7073f3e5-55fd-4688-9dfd-e9b2f11d6f3b,,,
ef9c9a62-8338-48a1-9a39-3840a96b72ad,12486d5d-2d75-4750-bbb9-529573b7d641,Blueprint Polling,,,Blueprint Polling,470,Blueprint Polling,,,,,FL,3/6/26,3/8/26,,,,875b27f8-b36c-4a45-8e05-68e10f97c514,451,rv,,rv,,3/12/26 13:33,,https://floridapolitics.com/archives/784817-__trashed-35/,,,,,,,2026,U.S. House,Twenty-seventh Congressional District,27,2026-11-03,general,NONE,13,Don't know,Don't know,d8390906-54c4-4050-9005-4934a65fa7b1,7073f3e5-55fd-4688-9dfd-e9b2f11d6f3b,,,
ef9c9a62-8338-48a1-9a39-3840a96b72ad,12486d5d-2d75-4750-bbb9-529573b7d641,Blueprint Polling,,,Blueprint Polling,470,Blueprint Polling,,,,,FL,3/6/26,3/8/26,,,,875b27f8-b36c-4a45-8e05-68e10f97c514,451,rv,,rv,,3/12/26 13:33,,https://floridapolitics.com/archives/784817-__trashed-35/,,,,,,,2026,U.S. House,Twenty-seventh Congressional District,27,2026-11-03,general,DEM,40,Peguero,Robin Peguero,5534d29c-41f2-41bb-a9d7-0502720903a2,7073f3e5-55fd-4688-9dfd-e9b2f11d6f3b,,,
6d0afbbc-6513-448d-9dca-d5389a793d59,a6295aab-886d-497f-92c9-5407f56a8c33,Change Research,,,Change Research,48,Change Research,,,,,IA,10/23/25,10/27/25,,Sarah Trone Garriott,DEM,454687ec-03b6-4a6b-9435-82944691bfb5,638,lv,,lv,,3/10/26 15:45,,https://sarahforiowa.com/sarah-trone-garriott-leads-zach-nunn-in-new-poll/,,,,,,DEM,2026,U.S. House,Third Congressional District,3,2026-11-03,general,NONE,1,Would not vote,Would not vote,2161fbf6-e73e-4930-ab2e-e531b2df05e4,14bc9cc5-56e4-4063-b8b2-c30c1c451259,,,
6d0afbbc-6513-448d-9dca-d5389a793d59,a6295aab-886d-497f-92c9-5407f56a8c33,Change Research,,,Change Research,48,Change Research,,,,,IA,10/23/25,10/27/25,,Sarah Trone Garriott,DEM,454687ec-03b6-4a6b-9435-82944691bfb5,638,lv,,lv,,3/10/26 15:45,,https://sarahforiowa.com/sarah-trone-garriott-leads-zach-nunn-in-new-poll/,,,,,,DEM,2026,U.S. House,Third Congressional District,3,2026-11-03,general,NONE,6,Don't know,Don't know,d8390906-54c4-4050-9005-4934a65fa7b1,14bc9cc5-56e4-4063-b8b2-c30c1c451259,,,
6d0afbbc-6513-448d-9dca-d5389a793d59,a6295aab-886d-497f-92c9-5407f56a8c33,Change Research,,,Change Research,48,Change Research,,,,,IA,10/23/25,10/27/25,,Sarah Trone Garriott,DEM,454687ec-03b6-4a6b-9435-82944691bfb5,638,lv,,lv,,3/10/26 15:45,,https://sarahforiowa.com/sarah-trone-garriott-leads-zach-nunn-in-new-poll/,,,,,,DEM,2026,U.S. House,Third Congressional District,3,2026-11-03,general,REP,40,Nunn,Zach Nunn,790d48ce-31aa-4472-9b90-69a7eb83d1ac,14bc9cc5-56e4-4063-b8b2-c30c1c451259,,,
6d0afbbc-6513-448d-9dca-d5389a793d59,a6295aab-886d-497f-92c9-5407f56a8c33,Change Research,,,Change Research,48,Change Research,,,,,IA,10/23/25,10/27/25,,Sarah Trone Garriott,DEM,454687ec-03b6-4a6b-9435-82944691bfb5,638,lv,,lv,,3/10/26 15:45,,https://sarahforiowa.com/sarah-trone-garriott-leads-zach-nunn-in-new-poll/,,,,,,DEM,2026,U.S. House,Third Congressional District,3,2026-11-03,general,DEM,53,Garriott,Sarah Trone Garriott,2e405f67-9409-4d31-a0b0-2a511c67999d,14bc9cc5-56e4-4063-b8b2-c30c1c451259,,,
6d0afbbc-6513-448d-9dca-d5389a793d59,a6295aab-886d-497f-92c9-5407f56a8c33,Change Research,,,Change Research,48,Change Research,,,,,IA,10/23/25,10/27/25,,Sarah Trone Garriott,DEM,3c1b1f3b-f52d-4dd8-9a4d-a30adb6537ab,638,lv,,lv,,3/10/26 15:45,,https://sarahforiowa.com/sarah-trone-garriott-leads-zach-nunn-in-new-poll/,,,,,,DEM,2026,U.S. House,Third Congressional District,3,2026-11-03,general,NONE,1,Would not vote,Would not vote,2161fbf6-e73e-4930-ab2e-e531b2df05e4,14bc9cc5-56e4-4063-b8b2-c30c1c451259,,,
6d0afbbc-6513-448d-9dca-d5389a793d59,a6295aab-886d-497f-92c9-5407f56a8c33,Change Research,,,Change Research,48,Change Research,,,,,IA,10/23/25,10/27/25,,Sarah Trone Garriott,DEM,3c1b1f3b-f52d-4dd8-9a4d-a30adb6537ab,638,lv,,lv,,3/10/26 15:45,,https://sarahforiowa.com/sarah-trone-garriott-leads-zach-nunn-in-new-poll/,,,,,,DEM,2026,U.S. House,Third Congressional District,3,2026-11-03,general,NONE,7,Don't know,Don't know,d8390906-54c4-4050-9005-4934a65fa7b1,14bc9cc5-56e4-4063-b8b2-c30c1c451259,,,
6d0afbbc-6513-448d-9dca-d5389a793d59,a6295aab-886d-497f-92c9-5407f56a8c33,Change Research,,,Change Research,48,Change Research,,,,,IA,10/23/25,10/27/25,,Sarah Trone Garriott,DEM,3c1b1f3b-f52d-4dd8-9a4d-a30adb6537ab,638,lv,,lv,,3/10/26 15:45,,https://sarahforiowa.com/sarah-trone-garriott-leads-zach-nunn-in-new-poll/,,,,,,DEM,2026,U.S. House,Third Congressional District,3,2026-11-03,general,REP,42,Nunn,Zach Nunn,790d48ce-31aa-4472-9b90-69a7eb83d1ac,14bc9cc5-56e4-4063-b8b2-c30c1c451259,,,
6d0afbbc-6513-448d-9dca-d5389a793d59,a6295aab-886d-497f-92c9-5407f56a8c33,Change Research,,,Change Research,48,Change Research,,,,,IA,10/23/25,10/27/25,,Sarah Trone Garriott,DEM,3c1b1f3b-f52d-4dd8-9a4d-a30adb6537ab,638,lv,,lv,,3/10/26 15:45,,https://sarahforiowa.com/sarah-trone-garriott-leads-zach-nunn-in-new-poll/,,,,,,DEM,2026,U.S. House,Third Congressional District,3,2026-11-03,general,DEM,50,Konfrst,Jennifer Konfrst,3841f9ad-13ba-4eca-a7d7-0223e5c86b66,14bc9cc5-56e4-4063-b8b2-c30c1c451259,,,
3440fa4a-0c67-43d6-a61b-504c00357db0,a64a876e-bc33-45b8-b3d1-86ae963bfa7d,GQR,,,GQR,126,GQR,,,Live Phone,,NC,1/29/26,2/2/26,,Don Davis,DEM,d07a0beb-e955-4d28-b2c8-2b3d0d079edd,500,lv,,lv,,3/9/26 09:15,,https://x.com/nicholaswu12/status/2029953742385131930?s=20,,,,,,DEM,2026,U.S. House,First Congressional District,1,2026-11-03,general,NONE,10,Don't know,Don't know,d8390906-54c4-4050-9005-4934a65fa7b1,814ce247-ec2e-47c3-8d53-de7470be442e,,,
3440fa4a-0c67-43d6-a61b-504c00357db0,a64a876e-bc33-45b8-b3d1-86ae963bfa7d,GQR,,,GQR,126,GQR,,,Live Phone,,NC,1/29/26,2/2/26,,Don Davis,DEM,d07a0beb-e955-4d28-b2c8-2b3d0d079edd,500,lv,,lv,,3/9/26 09:15,,https://x.com/nicholaswu12/status/2029953742385131930?s=20,,,,,,DEM,2026,U.S. House,First Congressional District,1,2026-11-03,general,LIB,9,Bailey,Thomas Aaron Bailey,dff5bbcc-dfae-48fe-8e3d-f66db6952d0c,814ce247-ec2e-47c3-8d53-de7470be442e,,,
3440fa4a-0c67-43d6-a61b-504c00357db0,a64a876e-bc33-45b8-b3d1-86ae963bfa7d,GQR,,,GQR,126,GQR,,,Live Phone,,NC,1/29/26,2/2/26,,Don Davis,DEM,d07a0beb-e955-4d28-b2c8-2b3d0d079edd,500,lv,,lv,,3/9/26 09:15,,https://x.com/nicholaswu12/status/2029953742385131930?s=20,,,,,,DEM,2026,U.S. House,First Congressional District,1,2026-11-03,general,REP,39,Buckhout,Laurie Buckhout,8ac75369-3dc0-44b9-80ce-66f451e27d78,814ce247-ec2e-47c3-8d53-de7470be442e,,,
3440fa4a-0c67-43d6-a61b-504c00357db0,a64a876e-bc33-45b8-b3d1-86ae963bfa7d,GQR,,,GQR,126,GQR,,,Live Phone,,NC,1/29/26,2/2/26,,Don Davis,DEM,d07a0beb-e955-4d28-b2c8-2b3d0d079edd,500,lv,,lv,,3/9/26 09:15,,https://x.com/nicholaswu12/status/2029953742385131930?s=20,,,,,,DEM,2026,U.S. House,First Congressional District,1,2026-11-03,general,DEM,42,Davis,Don Davis,5096a761-bd50-46fc-a0ca-624ace2b8faf,814ce247-ec2e-47c3-8d53-de7470be442e,,,
5689d9df-5f0f-4060-bbe2-6543a6a67a9e,a18ec25b-ef6c-44ce-84b1-e5d59b798228,University of New Hampshire,,,University of New Hampshire,357,University of New Hampshire Survey Center,,,Probability Panel,,ME,2/12/26,2/16/26,,,,ec9a937a-861c-4a2d-acb5-beab8ed507b2,520,lv,,lv,,2/24/26 12:13,,https://scholars.unh.edu/survey_center_polls/930/,,,,,,,2026,U.S. House,Second Congressional District,2,2026-11-03,general,NONE,5,Don't know,Don't know,d8390906-54c4-4050-9005-4934a65fa7b1,c587aa21-f06f-47d6-ae64-ebbd9d0a43d7,,,
5689d9df-5f0f-4060-bbe2-6543a6a67a9e,a18ec25b-ef6c-44ce-84b1-e5d59b798228,University of New Hampshire,,,University of New Hampshire,357,University of New Hampshire Survey Center,,,Probability Panel,,ME,2/12/26,2/16/26,,,,ec9a937a-861c-4a2d-acb5-beab8ed507b2,520,lv,,lv,,2/24/26 12:13,,https://scholars.unh.edu/survey_center_polls/930/,,,,,,,2026,U.S. House,Second Congressional District,2,2026-11-03,general,NONE,1,Someone else,Someone else,d23503df-ca4b-41e0-807f-67f2629609ac,c587aa21-f06f-47d6-ae64-ebbd9d0a43d7,,,
5689d9df-5f0f-4060-bbe2-6543a6a67a9e,a18ec25b-ef6c-44ce-84b1-e5d59b798228,University of New Hampshire,,,University of New Hampshire,357,University of New Hampshire Survey Center,,,Probability Panel,,ME,2/12/26,2/16/26,,,,ec9a937a-861c-4a2d-acb5-beab8ed507b2,520,lv,,lv,,2/24/26 12:13,,https://scholars.unh.edu/survey_center_polls/930/,,,,,,,2026,U.S. House,Second Congressional District,2,2026-11-03,general,REP,48,LePage,Paul R. LePage,94436f81-105d-46a1-a241-ed6f9c76a03b,c587aa21-f06f-47d6-ae64-ebbd9d0a43d7,,,
5689d9df-5f0f-4060-bbe2-6543a6a67a9e,a18ec25b-ef6c-44ce-84b1-e5d59b798228,University of New Hampshire,,,University of New Hampshire,357,University of New Hampshire Survey Center,,,Probability Panel,,ME,2/12/26,2/16/26,,,,ec9a937a-861c-4a2d-acb5-beab8ed507b2,520,lv,,lv,,2/24/26 12:13,,https://scholars.unh.edu/survey_center_polls/930/,,,,,,,2026,U.S. House,Second Congressional District,2,2026-11-03,general,DEM,47,Baldacci,Joe Baldacci,68cbdab2-16c3-40fb-a4c0-dc8763252337,c587aa21-f06f-47d6-ae64-ebbd9d0a43d7,,,
9cb6e02e-12c1-4147-b7a0-1f4dbd94529e,9b245451-0334-4f8c-909e-b48d602feb76,Public Policy Polling,,,Public Policy Polling,263,Public Policy Polling,,,,,AK,2/11/26,2/12/26,,Bill Hill,IND,790c5fb9-9aa6-4c80-870f-a36de662e58d,600,lv,,lv,,2/20/26 12:46,,https://hub.nationaljournal.com/new-maps-for-new-york-1?ecid=ACsprvtXCGX_y5aGgL4GVYyMV9Pj7_5mYOX-Ecv59TfcWhUAkRfvxk8ydNp1f2W6B11HWiXOKD8M&utm_campaign=36387909-%5BNJ%5D%202026%20Wake%20Up%20Call&utm_medium=email&_hsenc=p2ANqtz--ypdqFzjt6YlQeSvcQ2L6ur-f3dfrpC3LBhtrLZ4qbOePmR8uo6p_Cyj44MVGYrw4Q0nK8jceKiqibg_VZpQlb2qLJhFLgjXeX0K4fwp0NAbfnvxU&_hsmi=404722735&utm_content=404722735&utm_source=hs_email,,,,,,IND,2026,U.S. House,First Congressional District,1,2026-11-03,general,NONE,15,Don't know,Don't know,d8390906-54c4-4050-9005-4934a65fa7b1,1a6333ce-cb11-4484-9abc-8b4e93aef172,,,
9cb6e02e-12c1-4147-b7a0-1f4dbd94529e,9b245451-0334-4f8c-909e-b48d602feb76,Public Policy Polling,,,Public Policy Polling,263,Public Policy Polling,,,,,AK,2/11/26,2/12/26,,Bill Hill,IND,790c5fb9-9aa6-4c80-870f-a36de662e58d,600,lv,,lv,,2/20/26 12:46,,https://hub.nationaljournal.com/new-maps-for-new-york-1?ecid=ACsprvtXCGX_y5aGgL4GVYyMV9Pj7_5mYOX-Ecv59TfcWhUAkRfvxk8ydNp1f2W6B11HWiXOKD8M&utm_campaign=36387909-%5BNJ%5D%202026%20Wake%20Up%20Call&utm_medium=email&_hsenc=p2ANqtz--ypdqFzjt6YlQeSvcQ2L6ur-f3dfrpC3LBhtrLZ4qbOePmR8uo6p_Cyj44MVGYrw4Q0nK8jceKiqibg_VZpQlb2qLJhFLgjXeX0K4fwp0NAbfnvxU&_hsmi=404722735&utm_content=404722735&utm_source=hs_email,,,,,,IND,2026,U.S. House,First Congressional District,1,2026-11-03,general,REP,46,Begich,Nick Begich,355f0e52-2168-443a-bc55-a51d707b19a6,1a6333ce-cb11-4484-9abc-8b4e93aef172,,,
9cb6e02e-12c1-4147-b7a0-1f4dbd94529e,9b245451-0334-4f8c-909e-b48d602feb76,Public Policy Polling,,,Public Policy Polling,263,Public Policy Polling,,,,,AK,2/11/26,2/12/26,,Bill Hill,IND,790c5fb9-9aa6-4c80-870f-a36de662e58d,600,lv,,lv,,2/20/26 12:46,,https://hub.nationaljournal.com/new-maps-for-new-york-1?ecid=ACsprvtXCGX_y5aGgL4GVYyMV9Pj7_5mYOX-Ecv59TfcWhUAkRfvxk8ydNp1f2W6B11HWiXOKD8M&utm_campaign=36387909-%5BNJ%5D%202026%20Wake%20Up%20Call&utm_medium=email&_hsenc=p2ANqtz--ypdqFzjt6YlQeSvcQ2L6ur-f3dfrpC3LBhtrLZ4qbOePmR8uo6p_Cyj44MVGYrw4Q0nK8jceKiqibg_VZpQlb2qLJhFLgjXeX0K4fwp0NAbfnvxU&_hsmi=404722735&utm_content=404722735&utm_source=hs_email,,,,,,IND,2026,U.S. House,First Congressional District,1,2026-11-03,general,DEM,39,Schultz (Matt),Matt Schultz,4b7c0bc6-0863-4618-9a84-d5d57a4bf023,1a6333ce-cb11-4484-9abc-8b4e93aef172,,,
9cb6e02e-12c1-4147-b7a0-1f4dbd94529e,9b245451-0334-4f8c-909e-b48d602feb76,Public Policy Polling,,,Public Policy Polling,263,Public Policy Polling,,,,,AK,2/11/26,2/12/26,,Bill Hill,IND,cfd70950-b448-414b-b6f7-6fb1c1a9a901,600,lv,,lv,,2/20/26 12:46,,https://hub.nationaljournal.com/new-maps-for-new-york-1?ecid=ACsprvtXCGX_y5aGgL4GVYyMV9Pj7_5mYOX-Ecv59TfcWhUAkRfvxk8ydNp1f2W6B11HWiXOKD8M&utm_campaign=36387909-%5BNJ%5D%202026%20Wake%20Up%20Call&utm_medium=email&_hsenc=p2ANqtz--ypdqFzjt6YlQeSvcQ2L6ur-f3dfrpC3LBhtrLZ4qbOePmR8uo6p_Cyj44MVGYrw4Q0nK8jceKiqibg_VZpQlb2qLJhFLgjXeX0K4fwp0NAbfnvxU&_hsmi=404722735&utm_content=404722735&utm_source=hs_email,,,,,,IND,2026,U.S. House,First Congressional District,1,2026-11-03,general,NONE,22,Don't know,Don't know,d8390906-54c4-4050-9005-4934a65fa7b1,1a6333ce-cb11-4484-9abc-8b4e93aef172,,,
9cb6e02e-12c1-4147-b7a0-1f4dbd94529e,9b245451-0334-4f8c-909e-b48d602feb76,Public Policy Polling,,,Public Policy Polling,263,Public Policy Polling,,,,,AK,2/11/26,2/12/26,,Bill Hill,IND,cfd70950-b448-414b-b6f7-6fb1c1a9a901,600,lv,,lv,,2/20/26 12:46,,https://hub.nationaljournal.com/new-maps-for-new-york-1?ecid=ACsprvtXCGX_y5aGgL4GVYyMV9Pj7_5mYOX-Ecv59TfcWhUAkRfvxk8ydNp1f2W6B11HWiXOKD8M&utm_campaign=36387909-%5BNJ%5D%202026%20Wake%20Up%20Call&utm_medium=email&_hsenc=p2ANqtz--ypdqFzjt6YlQeSvcQ2L6ur-f3dfrpC3LBhtrLZ4qbOePmR8uo6p_Cyj44MVGYrw4Q0nK8jceKiqibg_VZpQlb2qLJhFLgjXeX0K4fwp0NAbfnvxU&_hsmi=404722735&utm_content=404722735&utm_source=hs_email,,,,,,IND,2026,U.S. House,First Congressional District,1,2026-11-03,general,IND,37,Hill (Bill),Bill Hill,c9e37458-54c0-482a-a091-04abe8757f0f,1a6333ce-cb11-4484-9abc-8b4e93aef172,,,
9cb6e02e-12c1-4147-b7a0-1f4dbd94529e,9b245451-0334-4f8c-909e-b48d602feb76,Public Policy Polling,,,Public Policy Polling,263,Public Policy Polling,,,,,AK,2/11/26,2/12/26,,Bill Hill,IND,cfd70950-b448-414b-b6f7-6fb1c1a9a901,600,lv,,lv,,2/20/26 12:46,,https://hub.nationaljournal.com/new-maps-for-new-york-1?ecid=ACsprvtXCGX_y5aGgL4GVYyMV9Pj7_5mYOX-Ecv59TfcWhUAkRfvxk8ydNp1f2W6B11HWiXOKD8M&utm_campaign=36387909-%5BNJ%5D%202026%20Wake%20Up%20Call&utm_medium=email&_hsenc=p2ANqtz--ypdqFzjt6YlQeSvcQ2L6ur-f3dfrpC3LBhtrLZ4qbOePmR8uo6p_Cyj44MVGYrw4Q0nK8jceKiqibg_VZpQlb2qLJhFLgjXeX0K4fwp0NAbfnvxU&_hsmi=404722735&utm_content=404722735&utm_source=hs_email,,,,,,IND,2026,U.S. House,First Congressional District,1,2026-11-03,general,REP,41,Begich,Nick Begich,355f0e52-2168-443a-bc55-a51d707b19a6,1a6333ce-cb11-4484-9abc-8b4e93aef172,,,
ad170747-6130-4ec6-ae24-b2f8acfa724d,16ef3c5d-8b51-437f-87ab-9410cc8a0bb2,Kaplan Strategies,,,Kaplan Strategies,124,Kaplan Strategies,,,,,FL,7/25/25,7/27/25,,,,2eed3586-b1cc-4dbb-a42f-98bdb549ac0e,804,lv,,lv,,2/19/26 17:37,,https://floridapolitics.com/archives/750168-poll-daniella-levine-cava-poses-strong-threat-to-maria-elvira-salazar-in-cd-27/,,,,,,,2026,U.S. House,Twenty-seventh Congressional District,27,2026-11-03,general,NONE,20,Don't know,Don't know,d8390906-54c4-4050-9005-4934a65fa7b1,7073f3e5-55fd-4688-9dfd-e9b2f11d6f3b,,,
ad170747-6130-4ec6-ae24-b2f8acfa724d,16ef3c5d-8b51-437f-87ab-9410cc8a0bb2,Kaplan Strategies,,,Kaplan Strategies,124,Kaplan Strategies,,,,,FL,7/25/25,7/27/25,,,,2eed3586-b1cc-4dbb-a42f-98bdb549ac0e,804,lv,,lv,,2/19/26 17:37,,https://floridapolitics.com/archives/750168-poll-daniella-levine-cava-poses-strong-threat-to-maria-elvira-salazar-in-cd-27/,,,,,,,2026,U.S. House,Twenty-seventh Congressional District,27,2026-11-03,general,DEM,34,Lamondin,Richard Lamondin,1eb68957-69d3-4d0d-b895-fd57f8efe849,7073f3e5-55fd-4688-9dfd-e9b2f11d6f3b,,,
ad170747-6130-4ec6-ae24-b2f8acfa724d,16ef3c5d-8b51-437f-87ab-9410cc8a0bb2,Kaplan Strategies,,,Kaplan Strategies,124,Kaplan Strategies,,,,,FL,7/25/25,7/27/25,,,,2eed3586-b1cc-4dbb-a42f-98bdb549ac0e,804,lv,,lv,,2/19/26 17:37,,https://floridapolitics.com/archives/750168-poll-daniella-levine-cava-poses-strong-threat-to-maria-elvira-salazar-in-cd-27/,,,,,,,2026,U.S. House,Twenty-seventh Congressional District,27,2026-11-03,general,REP,45,Salazar (Maria Elvira),Maria Elvira Salazar,de4efb0c-d91e-4718-bfaf-bc6023c25a79,7073f3e5-55fd-4688-9dfd-e9b2f11d6f3b,,,
ad170747-6130-4ec6-ae24-b2f8acfa724d,16ef3c5d-8b51-437f-87ab-9410cc8a0bb2,Kaplan Strategies,,,Kaplan Strategies,124,Kaplan Strategies,,,,,FL,7/25/25,7/27/25,,,,71e19b4c-fbaf-4c7e-861c-40172d433473,804,lv,,lv,,2/19/26 17:37,,https://floridapolitics.com/archives/750168-poll-daniella-levine-cava-poses-strong-threat-to-maria-elvira-salazar-in-cd-27/,,,,,,,2026,U.S. House,Twenty-seventh Congressional District,27,2026-11-03,general,NONE,21,Don't know,Don't know,d8390906-54c4-4050-9005-4934a65fa7b1,7073f3e5-55fd-4688-9dfd-e9b2f11d6f3b,,,
ad170747-6130-4ec6-ae24-b2f8acfa724d,16ef3c5d-8b51-437f-87ab-9410cc8a0bb2,Kaplan Strategies,,,Kaplan Strategies,124,Kaplan Strategies,,,,,FL,7/25/25,7/27/25,,,,71e19b4c-fbaf-4c7e-861c-40172d433473,804,lv,,lv,,2/19/26 17:37,,https://floridapolitics.com/archives/750168-poll-daniella-levine-cava-poses-strong-threat-to-maria-elvira-salazar-in-cd-27/,,,,,,,2026,U.S. House,Twenty-seventh Congressional District,27,2026-11-03,general,DEM,35,Fornino,Alexander Fornino,2afcab03-806f-47c1-bd3f-d164f494e173,7073f3e5-55fd-4688-9dfd-e9b2f11d6f3b,,,
ad170747-6130-4ec6-ae24-b2f8acfa724d,16ef3c5d-8b51-437f-87ab-9410cc8a0bb2,Kaplan Strategies,,,Kaplan Strategies,124,Kaplan Strategies,,,,,FL,7/25/25,7/27/25,,,,71e19b4c-fbaf-4c7e-861c-40172d433473,804,lv,,lv,,2/19/26 17:37,,https://floridapolitics.com/archives/750168-poll-daniella-levine-cava-poses-strong-threat-to-maria-elvira-salazar-in-cd-27/,,,,,,,2026,U.S. House,Twenty-seventh Congressional District,27,2026-11-03,general,REP,45,Salazar (Maria Elvira),Maria Elvira Salazar,de4efb0c-d91e-4718-bfaf-bc6023c25a79,7073f3e5-55fd-4688-9dfd-e9b2f11d6f3b,,,
ad170747-6130-4ec6-ae24-b2f8acfa724d,16ef3c5d-8b51-437f-87ab-9410cc8a0bb2,Kaplan Strategies,,,Kaplan Strategies,124,Kaplan Strategies,,,,,FL,7/25/25,7/27/25,,,,a6c3d1f1-f4c6-46dd-9cd6-24789f1c3db7,804,lv,,lv,,2/19/26 17:37,,https://floridapolitics.com/archives/750168-poll-daniella-levine-cava-poses-strong-threat-to-maria-elvira-salazar-in-cd-27/,,,,,,,2026,U.S. House,Twenty-seventh Congressional District,27,2026-11-03,general,NONE,17,Don't know,Don't know,d8390906-54c4-4050-9005-4934a65fa7b1,7073f3e5-55fd-4688-9dfd-e9b2f11d6f3b,,,
ad170747-6130-4ec6-ae24-b2f8acfa724d,16ef3c5d-8b51-437f-87ab-9410cc8a0bb2,Kaplan Strategies,,,Kaplan Strategies,124,Kaplan Strategies,,,,,FL,7/25/25,7/27/25,,,,a6c3d1f1-f4c6-46dd-9cd6-24789f1c3db7,804,lv,,lv,,2/19/26 17:37,,https://floridapolitics.com/archives/750168-poll-daniella-levine-cava-poses-strong-threat-to-maria-elvira-salazar-in-cd-27/,,,,,,,2026,U.S. House,Twenty-seventh Congressional District,27,2026-11-03,general,DEM,38,Davey,Mike Davey,d464552d-0130-47e2-b9c1-41c03ca0c945,7073f3e5-55fd-4688-9dfd-e9b2f11d6f3b,,,
ad170747-6130-4ec6-ae24-b2f8acfa724d,16ef3c5d-8b51-437f-87ab-9410cc8a0bb2,Kaplan Strategies,,,Kaplan Strategies,124,Kaplan Strategies,,,,,FL,7/25/25,7/27/25,,,,a6c3d1f1-f4c6-46dd-9cd6-24789f1c3db7,804,lv,,lv,,2/19/26 17:37,,https://floridapolitics.com/archives/750168-poll-daniella-levine-cava-poses-strong-threat-to-maria-elvira-salazar-in-cd-27/,,,,,,,2026,U.S. House,Twenty-seventh Congressional District,27,2026-11-03,general,REP,45,Salazar (Maria Elvira),Maria Elvira Salazar,de4efb0c-d91e-4718-bfaf-bc6023c25a79,7073f3e5-55fd-4688-9dfd-e9b2f11d6f3b,,,
ad170747-6130-4ec6-ae24-b2f8acfa724d,16ef3c5d-8b51-437f-87ab-9410cc8a0bb2,Kaplan Strategies,,,Kaplan Strategies,124,Kaplan Strategies,,,,,FL,7/25/25,7/27/25,,,,db75ab6c-162f-4f3f-b3a9-576231035bc7,804,lv,,lv,,2/19/26 17:37,,https://floridapolitics.com/archives/750168-poll-daniella-levine-cava-poses-strong-threat-to-maria-elvira-salazar-in-cd-27/,,,,,,,2026,U.S. House,Twenty-seventh Congressional District,27,2026-11-03,general,NONE,14,Don't know,Don't know,d8390906-54c4-4050-9005-4934a65fa7b1,7073f3e5-55fd-4688-9dfd-e9b2f11d6f3b,,,
ad170747-6130-4ec6-ae24-b2f8acfa724d,16ef3c5d-8b51-437f-87ab-9410cc8a0bb2,Kaplan Strategies,,,Kaplan Strategies,124,Kaplan Strategies,,,,,FL,7/25/25,7/27/25,,,,db75ab6c-162f-4f3f-b3a9-576231035bc7,804,lv,,lv,,2/19/26 17:37,,https://floridapolitics.com/archives/750168-poll-daniella-levine-cava-poses-strong-threat-to-maria-elvira-salazar-in-cd-27/,,,,,,,2026,U.S. House,Twenty-seventh Congressional District,27,2026-11-03,general,REP,42,Salazar (Maria Elvira),Maria Elvira Salazar,de4efb0c-d91e-4718-bfaf-bc6023c25a79,7073f3e5-55fd-4688-9dfd-e9b2f11d6f3b,,,
ad170747-6130-4ec6-ae24-b2f8acfa724d,16ef3c5d-8b51-437f-87ab-9410cc8a0bb2,Kaplan Strategies,,,Kaplan Strategies,124,Kaplan Strategies,,,,,FL,7/25/25,7/27/25,,,,db75ab6c-162f-4f3f-b3a9-576231035bc7,804,lv,,lv,,2/19/26 17:37,,https://floridapolitics.com/archives/750168-poll-daniella-levine-cava-poses-strong-threat-to-maria-elvira-salazar-in-cd-27/,,,,,,,2026,U.S. House,Twenty-seventh Congressional District,27,2026-11-03,general,DEM,44,Cava,Daniella Levine Cava,deac633f-0e2a-4b93-abaf-07aaae043eb4,7073f3e5-55fd-4688-9dfd-e9b2f11d6f3b,,,
20012cfb-ab35-4259-9d47-328c107cf770,9b245451-0334-4f8c-909e-b48d602feb76,Public Policy Polling,,,Public Policy Polling,263,Public Policy Polling,,,,,MN,2/2/26,2/3/26,,Jake Johnson,DEM,ad67e95f-a140-481e-8672-a9120ae30f46,708,rv,,rv,,2/9/26 10:24,,https://www.politico.com/newsletters/weekly-score/2026/02/09/the-big-ads-from-the-big-game-00770981,,,,,,DEM,2026,U.S. House,First Congressional District,1,2026-11-03,general,NONE,15,Don't know,Don't know,d8390906-54c4-4050-9005-4934a65fa7b1,f5eea5b5-b636-4540-b741-58694bf575cb,,,
20012cfb-ab35-4259-9d47-328c107cf770,9b245451-0334-4f8c-909e-b48d602feb76,Public Policy Polling,,,Public Policy Polling,263,Public Policy Polling,,,,,MN,2/2/26,2/3/26,,Jake Johnson,DEM,ad67e95f-a140-481e-8672-a9120ae30f46,708,rv,,rv,,2/9/26 10:24,,https://www.politico.com/newsletters/weekly-score/2026/02/09/the-big-ads-from-the-big-game-00770981,,,,,,DEM,2026,U.S. House,First Congressional District,1,2026-11-03,general,DEM,41,Johnson (Jake),Jake Johnson,176bffcd-9c9e-4379-a3bc-99fbdb7726e5,f5eea5b5-b636-4540-b741-58694bf575cb,,,
20012cfb-ab35-4259-9d47-328c107cf770,9b245451-0334-4f8c-909e-b48d602feb76,Public Policy Polling,,,Public Policy Polling,263,Public Policy Polling,,,,,MN,2/2/26,2/3/26,,Jake Johnson,DEM,ad67e95f-a140-481e-8672-a9120ae30f46,708,rv,,rv,,2/9/26 10:24,,https://www.politico.com/newsletters/weekly-score/2026/02/09/the-big-ads-from-the-big-game-00770981,,,,,,DEM,2026,U.S. House,First Congressional District,1,2026-11-03,general,REP,44,Finstad,Brad Finstad,43d4a8ea-c51b-453c-b3f7-64cd7fc6f903,f5eea5b5-b636-4540-b741-58694bf575cb,,,
1cb7cec3-d3fa-4974-9c0d-32629c10d681,2641a52c-cae5-4621-ace2-f96fd692db3e,Data for Progress,,,Data for Progress,522,Data for Progress,,,,,AK,2/28/25,3/7/25,,,,39a3244f-4480-42ef-9946-47690c3aa794,1008,lv,,lv,,1/28/26 12:51,,https://www.dataforprogress.org/memos/2025/3/13/oil-taxes-rural-subsistence-public-school-funding-these-are-a-few-of-alaska-voters-favorite-things,,,,,,,2026,U.S. House,First Congressional District,1,2026-11-03,general,NONE,3,Don't know,Don't know,d8390906-54c4-4050-9005-4934a65fa7b1,1a6333ce-cb11-4484-9abc-8b4e93aef172,,,
1cb7cec3-d3fa-4974-9c0d-32629c10d681,2641a52c-cae5-4621-ace2-f96fd692db3e,Data for Progress,,,Data for Progress,522,Data for Progress,,,,,AK,2/28/25,3/7/25,,,,39a3244f-4480-42ef-9946-47690c3aa794,1008,lv,,lv,,1/28/26 12:51,,https://www.dataforprogress.org/memos/2025/3/13/oil-taxes-rural-subsistence-public-school-funding-these-are-a-few-of-alaska-voters-favorite-things,,,,,,,2026,U.S. House,First Congressional District,1,2026-11-03,general,NONE,5,Neither,Neither,58f6a6c9-52e1-481e-a438-62da6a3e54f2,1a6333ce-cb11-4484-9abc-8b4e93aef172,,,
1cb7cec3-d3fa-4974-9c0d-32629c10d681,2641a52c-cae5-4621-ace2-f96fd692db3e,Data for Progress,,,Data for Progress,522,Data for Progress,,,,,AK,2/28/25,3/7/25,,,,39a3244f-4480-42ef-9946-47690c3aa794,1008,lv,,lv,,1/28/26 12:51,,https://www.dataforprogress.org/memos/2025/3/13/oil-taxes-rural-subsistence-public-school-funding-these-are-a-few-of-alaska-voters-favorite-things,,,,,,,2026,U.S. House,First Congressional District,1,2026-11-03,general,REP,46,Begich,Nick Begich,355f0e52-2168-443a-bc55-a51d707b19a6,1a6333ce-cb11-4484-9abc-8b4e93aef172,,,
1cb7cec3-d3fa-4974-9c0d-32629c10d681,2641a52c-cae5-4621-ace2-f96fd692db3e,Data for Progress,,,Data for Progress,522,Data for Progress,,,,,AK,2/28/25,3/7/25,,,,39a3244f-4480-42ef-9946-47690c3aa794,1008,lv,,lv,,1/28/26 12:51,,https://www.dataforprogress.org/memos/2025/3/13/oil-taxes-rural-subsistence-public-school-funding-these-are-a-few-of-alaska-voters-favorite-things,,,,,,,2026,U.S. House,First Congressional District,1,2026-11-03,general,DEM,46,Peltola,Mary S. Peltola,c722c2a0-c058-4d21-b6bd-b42aa2b68d62,1a6333ce-cb11-4484-9abc-8b4e93aef172,,,
0245de88-747f-4893-9c92-fd35eb70f977,2589e2d7-f927-4a4e-8b1c-0b002688f9e3,Peak Insights,c916c6f0-468f-4b1c-bb76-ff457a72a0f8,Leadership in Action,Peak Insights,217,Moore Information Group,,,Live Phone,,MT,1/12/26,1/15/26,,,,957f3c8e-b3ac-4427-8c46-d0bf1e0df13b,400,lv,,lv,,1/22/26 17:19,,https://www.the-downballot.com/p/morning-digest-arizona-democrats,,,,,,REP,2026,U.S. House,First Congressional District,1,2026-11-03,general,NONE,12,Don't know,Don't know,d8390906-54c4-4050-9005-4934a65fa7b1,f34abca0-d7c7-44c0-a113-a8978a9dad47,,,
0245de88-747f-4893-9c92-fd35eb70f977,2589e2d7-f927-4a4e-8b1c-0b002688f9e3,Peak Insights,c916c6f0-468f-4b1c-bb76-ff457a72a0f8,Leadership in Action,Peak Insights,217,Moore Information Group,,,Live Phone,,MT,1/12/26,1/15/26,,,,957f3c8e-b3ac-4427-8c46-d0bf1e0df13b,400,lv,,lv,,1/22/26 17:19,,https://www.the-downballot.com/p/morning-digest-arizona-democrats,,,,,,REP,2026,U.S. House,First Congressional District,1,2026-11-03,general,DEM,41,Busse,Ryan Busse,77bfb2da-17e8-4b60-b6c3-481c63a2b0e5,f34abca0-d7c7-44c0-a113-a8978a9dad47,,,
0245de88-747f-4893-9c92-fd35eb70f977,2589e2d7-f927-4a4e-8b1c-0b002688f9e3,Peak Insights,c916c6f0-468f-4b1c-bb76-ff457a72a0f8,Leadership in Action,Peak Insights,217,Moore Information Group,,,Live Phone,,MT,1/12/26,1/15/26,,,,957f3c8e-b3ac-4427-8c46-d0bf1e0df13b,400,lv,,lv,,1/22/26 17:19,,https://www.the-downballot.com/p/morning-digest-arizona-democrats,,,,,,REP,2026,U.S. House,First Congressional District,1,2026-11-03,general,REP,47,Zinke,Ryan K. Zinke,2285344f-490f-4f64-acfb-32c96ddb8fcd,f34abca0-d7c7-44c0-a113-a8978a9dad47,,,
edf8bf05-3a02-4b59-b8ba-154c23aca139,b51515b6-b7a2-4ea6-a97d-f7e96c5aff62,Expedition Strategies,,,Expedition Strategies,409,Expedition Strategies,,,,,CO,1/8/26,1/12/26,,Alex Kelloff,DEM,1bbe0896-65fb-43fb-afe9-20daeaef70d6,400,lv,,lv,,1/21/26 13:02,,https://www.politico.com/newsletters/playbook/2026/01/21/what-davos-really-thinks-of-trump-00738555,,,,,,DEM,2026,U.S. House,Third Congressional District,3,2026-11-03,general,NONE,12,Don't know,Don't know,d8390906-54c4-4050-9005-4934a65fa7b1,6a947c92-e683-47ef-ba80-71e56a333bcb,,,
edf8bf05-3a02-4b59-b8ba-154c23aca139,b51515b6-b7a2-4ea6-a97d-f7e96c5aff62,Expedition Strategies,,,Expedition Strategies,409,Expedition Strategies,,,,,CO,1/8/26,1/12/26,,Alex Kelloff,DEM,1bbe0896-65fb-43fb-afe9-20daeaef70d6,400,lv,,lv,,1/21/26 13:02,,https://www.politico.com/newsletters/playbook/2026/01/21/what-davos-really-thinks-of-trump-00738555,,,,,,DEM,2026,U.S. House,Third Congressional District,3,2026-11-03,general,REP,48,Hurd (Jeff),Jeff Hurd,c58658f2-c242-46d3-8310-3135de04bd5d,6a947c92-e683-47ef-ba80-71e56a333bcb,,,
edf8bf05-3a02-4b59-b8ba-154c23aca139,b51515b6-b7a2-4ea6-a97d-f7e96c5aff62,Expedition Strategies,,,Expedition Strategies,409,Expedition Strategies,,,,,CO,1/8/26,1/12/26,,Alex Kelloff,DEM,1bbe0896-65fb-43fb-afe9-20daeaef70d6,400,lv,,lv,,1/21/26 13:02,,https://www.politico.com/newsletters/playbook/2026/01/21/what-davos-really-thinks-of-trump-00738555,,,,,,DEM,2026,U.S. House,Third Congressional District,3,2026-11-03,general,DEM,39,Kelloff,Alex Kelloff,cbcd599b-e9f6-4b7f-bea0-4021efbcc6f9,6a947c92-e683-47ef-ba80-71e56a333bcb,,,
f93e7e0b-ac53-45cd-b753-fb628b1246d0,a18ec25b-ef6c-44ce-84b1-e5d59b798228,University of New Hampshire,,,University of New Hampshire,357,University of New Hampshire Survey Center,,,Probability Panel,,NH,1/15/26,1/19/26,,,,38092adc-f38b-4e47-8ddd-17a5e132b479,1094,lv,,lv,,1/21/26 12:52,,https://scholars.unh.edu/survey_center_polls/922/,,,,,,,2026,U.S. House,Second Congressional District,2,2026-11-03,general,NONE,3,Don't know,Don't know,d8390906-54c4-4050-9005-4934a65fa7b1,10137906-94cd-42be-933a-74f28309d24f,,,
f93e7e0b-ac53-45cd-b753-fb628b1246d0,a18ec25b-ef6c-44ce-84b1-e5d59b798228,University of New Hampshire,,,University of New Hampshire,357,University of New Hampshire Survey Center,,,Probability Panel,,NH,1/15/26,1/19/26,,,,38092adc-f38b-4e47-8ddd-17a5e132b479,1094,lv,,lv,,1/21/26 12:52,,https://scholars.unh.edu/survey_center_polls/922/,,,,,,,2026,U.S. House,Second Congressional District,2,2026-11-03,general,NONE,2,Someone else,Someone else,d23503df-ca4b-41e0-807f-67f2629609ac,10137906-94cd-42be-933a-74f28309d24f,,,
f93e7e0b-ac53-45cd-b753-fb628b1246d0,a18ec25b-ef6c-44ce-84b1-e5d59b798228,University of New Hampshire,,,University of New Hampshire,357,University of New Hampshire Survey Center,,,Probability Panel,,NH,1/15/26,1/19/26,,,,38092adc-f38b-4e47-8ddd-17a5e132b479,1094,lv,,lv,,1/21/26 12:52,,https://scholars.unh.edu/survey_center_polls/922/,,,,,,,2026,U.S. House,Second Congressional District,2,2026-11-03,general,REP,40,Williams (Lily Tang),Lily Tang Williams,5ed0f675-a148-4165-ba2f-079c83384e24,10137906-94cd-42be-933a-74f28309d24f,,,
f93e7e0b-ac53-45cd-b753-fb628b1246d0,a18ec25b-ef6c-44ce-84b1-e5d59b798228,University of New Hampshire,,,University of New Hampshire,357,University of New Hampshire Survey Center,,,Probability Panel,,NH,1/15/26,1/19/26,,,,38092adc-f38b-4e47-8ddd-17a5e132b479,1094,lv,,lv,,1/21/26 12:52,,https://scholars.unh.edu/survey_center_polls/922/,,,,,,,2026,U.S. House,Second Congressional District,2,2026-11-03,general,DEM,54,Goodlander,Maggie Goodlander,72bb0ec2-2038-4dd0-8f85-be1591b34dd4,10137906-94cd-42be-933a-74f28309d24f,,,
24096bf7-3cb0-468d-8b3a-ffd12207d155,8ae50356-cd55-458f-bd0c-297e307c84eb,St. Anselm,,,St. Anselm,494,Saint Anselm College Survey Center,,,,,NH,8/26/25,8/27/25,,,,29a202f9-cfc5-496b-8261-3e672cce0c06,881,rv,,rv,,1/20/26 09:36,,https://www.anselm.edu/about/anselmian-hub/news/new-saint-anselm-college-survey-center-poll-reveals-shifting-political-landscape-ahead-2028-primary,,,,,,,2026,U.S. House,Second Congressional District,2,2026-11-03,general,NONE,20,Don't know,Don't know,d8390906-54c4-4050-9005-4934a65fa7b1,10137906-94cd-42be-933a-74f28309d24f,,,
24096bf7-3cb0-468d-8b3a-ffd12207d155,8ae50356-cd55-458f-bd0c-297e307c84eb,St. Anselm,,,St. Anselm,494,Saint Anselm College Survey Center,,,,,NH,8/26/25,8/27/25,,,,29a202f9-cfc5-496b-8261-3e672cce0c06,881,rv,,rv,,1/20/26 09:36,,https://www.anselm.edu/about/anselmian-hub/news/new-saint-anselm-college-survey-center-poll-reveals-shifting-political-landscape-ahead-2028-primary,,,,,,,2026,U.S. House,Second Congressional District,2,2026-11-03,general,REP,31,Williams (Lily Tang),Lily Tang Williams,5ed0f675-a148-4165-ba2f-079c83384e24,10137906-94cd-42be-933a-74f28309d24f,,,
24096bf7-3cb0-468d-8b3a-ffd12207d155,8ae50356-cd55-458f-bd0c-297e307c84eb,St. Anselm,,,St. Anselm,494,Saint Anselm College Survey Center,,,,,NH,8/26/25,8/27/25,,,,29a202f9-cfc5-496b-8261-3e672cce0c06,881,rv,,rv,,1/20/26 09:36,,https://www.anselm.edu/about/anselmian-hub/news/new-saint-anselm-college-survey-center-poll-reveals-shifting-political-landscape-ahead-2028-primary,,,,,,,2026,U.S. House,Second Congressional District,2,2026-11-03,general,DEM,49,Goodlander,Maggie Goodlander,72bb0ec2-2038-4dd0-8f85-be1591b34dd4,10137906-94cd-42be-933a-74f28309d24f,,,
0208a971-f1c8-4f04-aae8-2acbc265a583,8ae50356-cd55-458f-bd0c-297e307c84eb,St. Anselm,,,St. Anselm,494,Saint Anselm College Survey Center,,,,,NH,11/18/25,11/19/25,,,,5ab93d8c-0f9c-42c9-963c-a23e40a5e9b4,1102,rv,,rv,,1/20/26 09:35,,https://www.anselm.edu/about/anselmian-hub/news/new-poll-saint-anselm-college-survey-shows-declining-optimism-democracy-dominant-issue-and-early-partisan-divides-ahead-2026,,,,,,,2026,U.S. House,Second Congressional District,2,2026-11-03,general,NONE,25,Don't know,Don't know,d8390906-54c4-4050-9005-4934a65fa7b1,10137906-94cd-42be-933a-74f28309d24f,,,
0208a971-f1c8-4f04-aae8-2acbc265a583,8ae50356-cd55-458f-bd0c-297e307c84eb,St. Anselm,,,St. Anselm,494,Saint Anselm College Survey Center,,,,,NH,11/18/25,11/19/25,,,,5ab93d8c-0f9c-42c9-963c-a23e40a5e9b4,1102,rv,,rv,,1/20/26 09:35,,https://www.anselm.edu/about/anselmian-hub/news/new-poll-saint-anselm-college-survey-shows-declining-optimism-democracy-dominant-issue-and-early-partisan-divides-ahead-2026,,,,,,,2026,U.S. House,Second Congressional District,2,2026-11-03,general,REP,35,Williams (Lily Tang),Lily Tang Williams,5ed0f675-a148-4165-ba2f-079c83384e24,10137906-94cd-42be-933a-74f28309d24f,,,
0208a971-f1c8-4f04-aae8-2acbc265a583,8ae50356-cd55-458f-bd0c-297e307c84eb,St. Anselm,,,St. Anselm,494,Saint Anselm College Survey Center,,,,,NH,11/18/25,11/19/25,,,,5ab93d8c-0f9c-42c9-963c-a23e40a5e9b4,1102,rv,,rv,,1/20/26 09:35,,https://www.anselm.edu/about/anselmian-hub/news/new-poll-saint-anselm-college-survey-shows-declining-optimism-democracy-dominant-issue-and-early-partisan-divides-ahead-2026,,,,,,,2026,U.S. House,Second Congressional District,2,2026-11-03,general,DEM,40,Goodlander,Maggie Goodlander,72bb0ec2-2038-4dd0-8f85-be1591b34dd4,10137906-94cd-42be-933a-74f28309d24f,,,
ee58b3cf-d675-4c2c-be68-38bb27afb90b,a18ec25b-ef6c-44ce-84b1-e5d59b798228,University of New Hampshire,,,University of New Hampshire,357,University of New Hampshire Survey Center,,,Probability Panel,,NH,9/17/25,9/23/25,,,,aeeafceb-7547-40bc-91ac-aef6adf6100c,508,lv,,lv,,1/20/26 09:30,,https://scholars.unh.edu/cgi/viewcontent.cgi?article=1887&context=survey_center_polls,,,,,,,2026,U.S. House,Second Congressional District,2,2026-11-03,general,NONE,8,Don't know,Don't know,d8390906-54c4-4050-9005-4934a65fa7b1,10137906-94cd-42be-933a-74f28309d24f,,,
ee58b3cf-d675-4c2c-be68-38bb27afb90b,a18ec25b-ef6c-44ce-84b1-e5d59b798228,University of New Hampshire,,,University of New Hampshire,357,University of New Hampshire Survey Center,,,Probability Panel,,NH,9/17/25,9/23/25,,,,aeeafceb-7547-40bc-91ac-aef6adf6100c,508,lv,,lv,,1/20/26 09:30,,https://scholars.unh.edu/cgi/viewcontent.cgi?article=1887&context=survey_center_polls,,,,,,,2026,U.S. House,Second Congressional District,2,2026-11-03,general,NONE,2,Someone else,Someone else,d23503df-ca4b-41e0-807f-67f2629609ac,10137906-94cd-42be-933a-74f28309d24f,,,
ee58b3cf-d675-4c2c-be68-38bb27afb90b,a18ec25b-ef6c-44ce-84b1-e5d59b798228,University of New Hampshire,,,University of New Hampshire,357,University of New Hampshire Survey Center,,,Probability Panel,,NH,9/17/25,9/23/25,,,,aeeafceb-7547-40bc-91ac-aef6adf6100c,508,lv,,lv,,1/20/26 09:30,,https://scholars.unh.edu/cgi/viewcontent.cgi?article=1887&context=survey_center_polls,,,,,,,2026,U.S. House,Second Congressional District,2,2026-11-03,general,REP,39,Williams (Lily Tang),Lily Tang Williams,5ed0f675-a148-4165-ba2f-079c83384e24,10137906-94cd-42be-933a-74f28309d24f,,,
ee58b3cf-d675-4c2c-be68-38bb27afb90b,a18ec25b-ef6c-44ce-84b1-e5d59b798228,University of New Hampshire,,,University of New Hampshire,357,University of New Hampshire Survey Center,,,Probability Panel,,NH,9/17/25,9/23/25,,,,aeeafceb-7547-40bc-91ac-aef6adf6100c,508,lv,,lv,,1/20/26 09:30,,https://scholars.unh.edu/cgi/viewcontent.cgi?article=1887&context=survey_center_polls,,,,,,,2026,U.S. House,Second Congressional District,2,2026-11-03,general,DEM,51,Goodlander,Maggie Goodlander,72bb0ec2-2038-4dd0-8f85-be1591b34dd4,10137906-94cd-42be-933a-74f28309d24f,,,
e51e7d84-b30f-4186-a1f1-07c0800edcfb,433ef9e7-7784-4272-92fc-ad8ae9efb109,Tulchin Research,16b7fea9-a507-441b-8801-7ca8a2ba4464,No Surrender Fund,Tulchin Research,340,Tulchin Research,,,,,MT,11/22/25,11/25/25,,,,f823717b-642c-4cd5-8c37-f51fda0004bd,424,lv,,lv,,1/8/26 11:41,,https://www.documentcloud.org/documents/26462582-mt-01-tulchin-research-dec-2025/?utm_source=substack&utm_medium=email,,,,,,,2026,U.S. House,First Congressional District,1,2026-11-03,general,NONE,10,Don't know,Don't know,d8390906-54c4-4050-9005-4934a65fa7b1,f34abca0-d7c7-44c0-a113-a8978a9dad47,,,
e51e7d84-b30f-4186-a1f1-07c0800edcfb,433ef9e7-7784-4272-92fc-ad8ae9efb109,Tulchin Research,16b7fea9-a507-441b-8801-7ca8a2ba4464,No Surrender Fund,Tulchin Research,340,Tulchin Research,,,,,MT,11/22/25,11/25/25,,,,f823717b-642c-4cd5-8c37-f51fda0004bd,424,lv,,lv,,1/8/26 11:41,,https://www.documentcloud.org/documents/26462582-mt-01-tulchin-research-dec-2025/?utm_source=substack&utm_medium=email,,,,,,,2026,U.S. House,First Congressional District,1,2026-11-03,general,REP,43,Zinke,Ryan K. Zinke,2285344f-490f-4f64-acfb-32c96ddb8fcd,f34abca0-d7c7-44c0-a113-a8978a9dad47,,,
e51e7d84-b30f-4186-a1f1-07c0800edcfb,433ef9e7-7784-4272-92fc-ad8ae9efb109,Tulchin Research,16b7fea9-a507-441b-8801-7ca8a2ba4464,No Surrender Fund,Tulchin Research,340,Tulchin Research,,,,,MT,11/22/25,11/25/25,,,,f823717b-642c-4cd5-8c37-f51fda0004bd,424,lv,,lv,,1/8/26 11:41,,https://www.documentcloud.org/documents/26462582-mt-01-tulchin-research-dec-2025/?utm_source=substack&utm_medium=email,,,,,,,2026,U.S. House,First Congressional District,1,2026-11-03,general,DEM,47,Busse,Ryan Busse,77bfb2da-17e8-4b60-b6c3-481c63a2b0e5,f34abca0-d7c7-44c0-a113-a8978a9dad47,,,
15757c4d-b890-4852-b6f8-3011deda6800,ebfa8ec5-4b26-4947-a65d-c575a697ba0b,Pan Atlantic SMS Group,,,Pan Atlantic SMS Group,249,Pan Atlantic Research,,,,,ME,11/29/25,12/7/25,,Joe Baldacci,DEM,3489bc74-0310-46f2-ab8b-796f92572573,387,lv,,lv,,12/17/25 17:06,,https://punchbowl.news/wp-content/uploads/baldacci-poll.pdf,,,,,,DEM,2026,U.S. House,Second Congressional District,2,2026-11-03,general,NONE,13,Don't know,Don't know,d8390906-54c4-4050-9005-4934a65fa7b1,c587aa21-f06f-47d6-ae64-ebbd9d0a43d7,,,
15757c4d-b890-4852-b6f8-3011deda6800,ebfa8ec5-4b26-4947-a65d-c575a697ba0b,Pan Atlantic SMS Group,,,Pan Atlantic SMS Group,249,Pan Atlantic Research,,,,,ME,11/29/25,12/7/25,,Joe Baldacci,DEM,3489bc74-0310-46f2-ab8b-796f92572573,387,lv,,lv,,12/17/25 17:06,,https://punchbowl.news/wp-content/uploads/baldacci-poll.pdf,,,,,,DEM,2026,U.S. House,Second Congressional District,2,2026-11-03,general,DEM,43,Baldacci,Joe Baldacci,68cbdab2-16c3-40fb-a4c0-dc8763252337,c587aa21-f06f-47d6-ae64-ebbd9d0a43d7,,,
15757c4d-b890-4852-b6f8-3011deda6800,ebfa8ec5-4b26-4947-a65d-c575a697ba0b,Pan Atlantic SMS Group,,,Pan Atlantic SMS Group,249,Pan Atlantic Research,,,,,ME,11/29/25,12/7/25,,Joe Baldacci,DEM,3489bc74-0310-46f2-ab8b-796f92572573,387,lv,,lv,,12/17/25 17:06,,https://punchbowl.news/wp-content/uploads/baldacci-poll.pdf,,,,,,DEM,2026,U.S. House,Second Congressional District,2,2026-11-03,general,REP,44,LePage,Paul R. LePage,94436f81-105d-46a1-a241-ed6f9c76a03b,c587aa21-f06f-47d6-ae64-ebbd9d0a43d7,,,
db1320e1-5ce9-4b6f-ad1f-2ea125a9b89c,9b245451-0334-4f8c-909e-b48d602feb76,Public Policy Polling,bd2d81c5-90d7-48f2-b3be-ce57b919534f,Republicans Against Perry,Public Policy Polling,263,Public Policy Polling,,,,,PA,11/18/25,11/19/25,,,,cab723ea-2ec1-498b-b1a4-7075565619b1,549,rv,,rv,,12/3/25 17:29,,https://www.pennlive.com/politics/2025/12/rep-perry-underwater-with-voters-on-job-approval-trails-democrat-who-wants-to-unseat-him-poll.html,,,,,,,2026,U.S. House,Tenth Congressional District,10,2026-11-03,general,REP,44,Perry (Scott),Scott Perry,b86b31f9-634f-4540-b51d-8f908cea6054,7a73a2bb-7253-43a0-bb03-78ae58794086,,,
db1320e1-5ce9-4b6f-ad1f-2ea125a9b89c,9b245451-0334-4f8c-909e-b48d602feb76,Public Policy Polling,bd2d81c5-90d7-48f2-b3be-ce57b919534f,Republicans Against Perry,Public Policy Polling,263,Public Policy Polling,,,,,PA,11/18/25,11/19/25,,,,cab723ea-2ec1-498b-b1a4-7075565619b1,549,rv,,rv,,12/3/25 17:29,,https://www.pennlive.com/politics/2025/12/rep-perry-underwater-with-voters-on-job-approval-trails-democrat-who-wants-to-unseat-him-poll.html,,,,,,,2026,U.S. House,Tenth Congressional District,10,2026-11-03,general,DEM,48,Stelson,Janelle Stelson,5993bbd9-e908-4cff-b14a-c443047d563e,7a73a2bb-7253-43a0-bb03-78ae58794086,,,